Time(s),Iter1_Right_X_Displacement_Delta(m),Iter1_Left_X_Displacement_Delta(m),Iter1_Right_Rotation_Delta(rad),Iter1_Left_Rotation_Delta(rad)
0.000000000000000000e+00,0.000000000000000000e+00,0.000000000000000000e+00,0.000000000000000000e+00,0.000000000000000000e+00
2.500000000000000139e-02,1.333570498420649005e-07,-4.256148242501832379e-08,1.759185322670900006e-07,1.759185322670900006e-07
5.000000000000000278e-02,6.850874377564686833e-07,-2.399172855391067637e-07,9.250047232956025520e-07,9.250047232956025520e-07
7.500000000000001110e-02,1.928239963856510225e-06,-7.433791181123269518e-07,2.671619081968891387e-06,2.671619081968891387e-06
1.000000000000000056e-01,4.049030862632221200e-06,-1.723796013411785233e-06,5.772826876044006433e-06,5.772826876044006433e-06
1.250000000000000000e-01,7.094117233587878685e-06,-3.350103402046311282e-06,1.044422063563462365e-05,1.044422063563462365e-05
1.500000000000000222e-01,1.092485670703673833e-05,-5.747179366508148313e-06,1.667203607354488665e-05,1.667203607354488665e-05
1.750000000000000167e-01,1.519158538842643735e-05,-8.947785460405519031e-06,2.413937084883108902e-05,2.413937084883108902e-05
2.000000000000000111e-01,1.933473158234264022e-05,-1.285943204409369101e-05,3.219416362643676491e-05,3.219416362643676491e-05
2.250000000000000056e-01,2.261069262664804069e-05,-1.726143925622446174e-05,3.987213188287250243e-05,3.987213188287250243e-05
2.500000000000000000e-01,2.413444435964313961e-05,-2.183225714377529797e-05,4.596670150341670286e-05,4.596670150341670286e-05
2.750000000000000222e-01,2.292924123924872104e-05,-2.619204000063775351e-05,4.912128123988473982e-05,4.912128123988473982e-05
3.000000000000000444e-01,1.797553112916835949e-05,-2.994078832191382489e-05,4.791631945108305174e-05,4.791631945108305174e-05
3.250000000000000111e-01,8.255293400490082423e-06,-3.268048916715664276e-05,4.093578256764499046e-05,4.093578256764499046e-05
3.500000000000000333e-01,-7.207610197321884238e-06,-3.402333123843533091e-05,2.681572104111171195e-05,2.681572104111171195e-05
3.750000000000000000e-01,-2.930839584062636116e-05,-3.359651140978983652e-05,4.288115569165210084e-06,4.288115569165210084e-06
4.000000000000000222e-01,-5.882178525588865892e-05,-3.105246800503939919e-05,-2.776931725085272917e-05,-2.776931725085272917e-05
4.250000000000000444e-01,-9.636243495929341929e-05,-2.608602144150290458e-05,-7.027641351779051471e-05,-7.027641351779051471e-05
4.500000000000000111e-01,-1.423483294299074386e-04,-1.845471067447174152e-05,-1.238936187554322277e-04,-1.238936187554322277e-04
4.750000000000000333e-01,-1.969714611634795776e-04,-7.998529295470679923e-06,-1.889729318680158365e-04,-1.889729318680158365e-04
5.000000000000000000e-01,-2.601803265689997535e-04,5.343014180470700980e-06,-2.655233407494635156e-04,-2.655233407494635156e-04
5.250000000000000222e-01,-3.316790126486612866e-04,2.151901501629138735e-05,-3.531980276649526740e-04,-3.531980276649526740e-04
5.500000000000000444e-01,-4.109472758788701441e-04,4.036478331516032969e-05,-4.513120591940270043e-04,-4.513120591940270043e-04
5.750000000000000666e-01,-4.972817239590338056e-04,6.161221355990842419e-05,-5.588939375189422298e-04,-5.588939375189422298e-04
6.000000000000000888e-01,-5.898504850852803738e-04,8.491115434953663832e-05,-6.747616394348135427e-04,-6.747616394348135427e-04
6.250000000000000000e-01,-6.877491539187263747e-04,1.098555174878917962e-04,-7.976046714066042931e-04,-7.976046714066042931e-04
6.500000000000000222e-01,-7.900477595346871995e-04,1.360080088145393384e-04,-9.260557683492404157e-04,-9.260557683492404157e-04
6.750000000000000444e-01,-8.958223054385122675e-04,1.629207066485907629e-04,-1.058743012087109969e-03,-1.058743012087109969e-03
7.000000000000000666e-01,-1.004166971031755784e-03,1.901514311421700909e-04,-1.194318402173911997e-03,-1.194318402173911997e-03
7.250000000000000888e-01,-1.114189229106402057e-03,2.172768354533408108e-04,-1.331466064559735929e-03,-1.331466064559735929e-03
7.500000000000000000e-01,-1.225002401271615970e-03,2.439036286574630674e-04,-1.468906029929079038e-03,-1.468906029929079038e-03
7.750000000000000222e-01,-1.335738610601100440e-03,2.696796322732356033e-04,-1.605418242874342982e-03,-1.605418242874342982e-03
8.000000000000000444e-01,-1.445596358598630338e-03,2.943053384431987274e-04,-1.739901697041836004e-03,-1.739901697041836004e-03
8.250000000000000666e-01,-1.553912652201269728e-03,3.175444141064603931e-04,-1.871457066307730122e-03,-1.871457066307730122e-03
8.500000000000000888e-01,-1.660229795362719307e-03,3.392310524202302169e-04,-1.999460847782963402e-03,-1.999460847782963402e-03
8.750000000000000000e-01,-1.764330545024811459e-03,3.592750518020756956e-04,-2.123605596826907971e-03,-2.123605596826907971e-03
9.000000000000000222e-01,-1.866238332431213731e-03,3.776685728561421374e-04,-2.243906905287348930e-03,-2.243906905287348930e-03
9.250000000000000444e-01,-1.966198765206345067e-03,3.944962732394668992e-04,-2.360695038445798088e-03,-2.360695038445798088e-03
9.500000000000000666e-01,-2.064658135956604079e-03,4.099432233534705539e-04,-2.474601359310074633e-03,-2.474601359310074633e-03
9.750000000000000888e-01,-2.162238718030007334e-03,4.242896145804503361e-04,-2.586528332610485426e-03,-2.586528332610485426e-03
1.000000000000000000e+00,-2.259696218160522907e-03,4.378842022382534171e-04,-2.697580420398762446e-03,-2.697580420398762446e-03
1.025000000000000133e+00,-2.357846087295945026e-03,4.510992119271806100e-04,-2.808945299223153391e-03,-2.808945299223153391e-03
1.050000000000000044e+00,-2.457463895117556474e-03,4.642807962546291467e-04,-2.921744691372157865e-03,-2.921744691372157865e-03
1.074999999999999956e+00,-2.559186229676102542e-03,4.777120546864965789e-04,-3.036898284362626876e-03,-3.036898284362626876e-03
1.100000000000000089e+00,-2.663442873571120195e-03,4.915968034216455784e-04,-3.155039676992738018e-03,-3.155039676992738018e-03
1.125000000000000000e+00,-2.770432885503659737e-03,5.060583531838608318e-04,-3.276491238687548324e-03,-3.276491238687548324e-03
1.150000000000000133e+00,-2.880131723477452610e-03,5.211401598864129348e-04,-3.401271883363865545e-03,-3.401271883363865545e-03
1.175000000000000044e+00,-2.992304284325619790e-03,5.368001757079521319e-04,-3.529104460033585799e-03,-3.529104460033585799e-03
1.200000000000000178e+00,-3.106507522108670205e-03,5.529028315163220242e-04,-3.659410353625019985e-03,-3.659410353625019985e-03
1.225000000000000089e+00,-3.222086418708441924e-03,5.692207332245458051e-04,-3.791307151932987729e-03,-3.791307151932987729e-03
1.250000000000000000e+00,-3.338180889225467185e-03,5.854547423698314157e-04,-3.923635631595284723e-03,-3.923635631595284723e-03
1.275000000000000133e+00,-3.453758173453475022e-03,6.012681974105898997e-04,-4.055026370864051044e-03,-4.055026370864051044e-03
1.300000000000000044e+00,-3.567670467281791602e-03,6.163196546576099610e-04,-4.183990121939373807e-03,-4.183990121939373807e-03
1.325000000000000178e+00,-3.678725597352938692e-03,6.302797689147904281e-04,-4.309005366267742998e-03,-4.309005366267742998e-03
1.350000000000000089e+00,-3.785757912835530092e-03,6.428316286277852010e-04,-4.428589541463329171e-03,-4.428589541463329171e-03
1.375000000000000000e+00,-3.887691922540736922e-03,6.536674696542288387e-04,-4.541359392194993516e-03,-4.541359392194993516e-03
1.400000000000000133e+00,-3.983593537548790753e-03,6.624957253449081929e-04,-4.646089262893643435e-03,-4.646089262893643435e-03
1.425000000000000044e+00,-4.072703661567589339e-03,6.690610750406666973e-04,-4.741764736608283792e-03,-4.741764736608283792e-03
1.450000000000000178e+00,-4.154452898884553047e-03,6.731681877633344246e-04,-4.827621086647887472e-03,-4.827621086647887472e-03
1.475000000000000089e+00,-4.228463787184888467e-03,6.746973594447813749e-04,-4.903161146629669842e-03,-4.903161146629669842e-03
1.500000000000000000e+00,-4.294550378112993450e-03,6.736068693440899757e-04,-4.968157247457055670e-03,-4.968157247457055670e-03
1.525000000000000133e+00,-4.352720973261448023e-03,6.699254102236762431e-04,-5.022646383485152022e-03,-5.022646383485152022e-03
1.550000000000000044e+00,-4.403183331831483915e-03,6.637425250530237797e-04,-5.066925856884563206e-03,-5.066925856884563206e-03
1.575000000000000178e+00,-4.446347480875301184e-03,6.552040150352711478e-04,-5.101551495910600087e-03,-5.101551495910600087e-03
1.600000000000000089e+00,-4.482819335925980475e-03,6.445139776718455948e-04,-5.127333313597826070e-03,-5.127333313597826070e-03
1.625000000000000000e+00,-4.513377966532894359e-03,6.319385437716928955e-04,-5.145316510304642765e-03,-5.145316510304642765e-03
1.650000000000000133e+00,-4.538931468991480589e-03,6.178024775934654045e-04,-5.156733946584945993e-03,-5.156733946584945993e-03
1.675000000000000044e+00,-4.560450544893679403e-03,6.024710366836494302e-04,-5.162921581577328833e-03,-5.162921581577328833e-03
1.700000000000000178e+00,-4.578882963376718074e-03,5.863150145610229735e-04,-5.165197977937685536e-03,-5.165197977937685536e-03
1.725000000000000089e+00,-4.595056357123039614e-03,5.696635687927054104e-04,-5.164719925915689513e-03,-5.164719925915689513e-03
1.750000000000000000e+00,-4.609582633898212656e-03,5.527541926278467521e-04,-5.162336826526087163e-03,-5.162336826526087163e-03
1.775000000000000133e+00,-4.622781459483582545e-03,5.356904270485407515e-04,-5.158471886532178807e-03,-5.158471886532178807e-03
1.800000000000000044e+00,-4.634636704191064105e-03,5.184158130444593837e-04,-5.153052517235495733e-03,-5.153052517235495733e-03
1.825000000000000178e+00,-4.644788816644929152e-03,5.007087068361892879e-04,-5.145497523481118440e-03,-5.145497523481118440e-03
1.850000000000000089e+00,-4.652556542010577445e-03,4.821985855533172938e-04,-5.134755127563866983e-03,-5.134755127563866983e-03
1.875000000000000000e+00,-4.656980467602322982e-03,4.624010137367351447e-04,-5.119381481339085882e-03,-5.119381481339085882e-03
1.900000000000000133e+00,-4.656886278656235945e-03,4.407655710734759147e-04,-5.097651849729684104e-03,-5.097651849729684104e-03
1.925000000000000044e+00,-4.650968987692849499e-03,4.167291247902660256e-04,-5.067698112483171036e-03,-5.067698112483171036e-03
1.950000000000000178e+00,-4.637895456739093980e-03,3.897665106762926435e-04,-5.027661967415386624e-03,-5.027661967415386624e-03
1.975000000000000089e+00,-4.616413792258300397e-03,3.594322269352967503e-04,-4.975846019193624903e-03,-4.975846019193624903e-03
2.000000000000000000e+00,-4.585451704581744448e-03,3.253894471640927932e-04,-4.910841151745864996e-03,-4.910841151745864996e-03
2.024999999999999911e+00,-4.544186740661926294e-03,2.874251007563277671e-04,-4.831611841418254061e-03,-4.831611841418254061e-03
2.050000000000000266e+00,-4.492079982281071970e-03,2.454514305720856271e-04,-4.737531412853157597e-03,-4.737531412853157597e-03
2.075000000000000178e+00,-4.428878182059448054e-03,1.994963561534612850e-04,-4.628374538212909339e-03,-4.628374538212909339e-03
2.100000000000000089e+00,-4.354600003529607299e-03,1.496873001136656001e-04,-4.504287303643300655e-03,-4.504287303643300655e-03
2.125000000000000000e+00,-4.269520968031237373e-03,9.623379865542069922e-05,-4.365754766686658073e-03,-4.365754766686658073e-03
2.149999999999999911e+00,-4.174158081710066526e-03,3.941210270383410652e-05,-4.213570184413900632e-03,-4.213570184413900632e-03
2.175000000000000266e+00,-4.069241752716279414e-03,-2.044790655814088254e-05,-4.048793846158110776e-03,-4.048793846158110776e-03
2.200000000000000178e+00,-3.955664063162167565e-03,-8.297474380714042752e-05,-3.872689319355054893e-03,-3.872689319355054893e-03
2.225000000000000089e+00,-3.834407955933094581e-03,-1.477682711469863186e-04,-3.686639684786136018e-03,-3.686639684786136018e-03
2.250000000000000000e+00,-3.706475351614169078e-03,-2.144164484955135563e-04,-3.492058903118683277e-03,-3.492058903118683277e-03
2.274999999999999911e+00,-3.572829643862296400e-03,-2.825190555182377494e-04,-3.290310588344030895e-03,-3.290310588344030895e-03
2.300000000000000266e+00,-3.434352148749486577e-03,-3.517194526883593575e-04,-3.082632696061154975e-03,-3.082632696061154975e-03
2.325000000000000178e+00,-3.291798565149661737e-03,-4.217405923808426049e-04,-2.870057972768874643e-03,-2.870057972768874643e-03
2.350000000000000089e+00,-3.145742225841519080e-03,-4.924166148318198655e-04,-2.653325611009726970e-03,-2.653325611009726970e-03
2.375000000000000000e+00,-2.996504075885975116e-03,-5.637103485320593688e-04,-2.432793727353971258e-03,-2.432793727353971258e-03
2.400000000000000355e+00,-2.844085192090950454e-03,-6.357111206326537811e-04,-2.208374071458268917e-03,-2.208374071458268917e-03
2.425000000000000266e+00,-2.688127728978861875e-03,-7.086144287029583211e-04,-1.979513300275875798e-03,-1.979513300275875798e-03
2.450000000000000178e+00,-2.527928792119771284e-03,-7.826919122355946445e-04,-1.745236879884204395e-03,-1.745236879884204395e-03
2.475000000000000089e+00,-2.362516495871158639e-03,-8.582631267886053905e-04,-1.504253369082553249e-03,-1.504253369082553249e-03
2.500000000000000000e+00,-2.190773166498294344e-03,-9.356774842006476689e-04,-1.255095682297591164e-03,-1.255095682297591164e-03
2.525000000000000355e+00,-2.011569898118681365e-03,-1.015306713006119965e-03,-9.962631851125891558e-04,-9.962631851125891558e-04
2.550000000000000266e+00,-1.823872711556484560e-03,-1.097540134000610235e-03,-7.263325775558604480e-04,-7.263325775558604480e-04
2.575000000000000178e+00,-1.626797508643584855e-03,-1.182772029731452013e-03,-4.440254789121189649e-04,-4.440254789121189649e-04
2.600000000000000089e+00,-1.419618984588644217e-03,-1.271374915965586827e-03,-1.482440686230435123e-04,-1.482440686230435123e-04
2.625000000000000000e+00,-1.201760015407477011e-03,-1.363662447383506837e-03,1.619024319760020703e-04,1.619024319760020703e-04
2.650000000000000355e+00,-9.727911505874875520e-04,-1.459854080638395279e-03,4.870629300509077275e-04,4.870629300509077275e-04
2.675000000000000266e+00,-7.324563036464337706e-04,-1.560053638521269326e-03,8.275973348748077996e-04,8.275973348748077996e-04
2.700000000000000178e+00,-4.807203772313750623e-04,-1.664245632024621835e-03,1.183525254793232895e-03,1.183525254793232895e-03
2.725000000000000089e+00,-2.178182030995179375e-04,-1.772304073087205278e-03,1.554485869987687341e-03,1.554485869987687341e-03
2.750000000000000000e+00,5.571990531591519691e-05,-1.884005838039645719e-03,1.939725743355574794e-03,1.939725743355574794e-03
2.775000000000000355e+00,3.390802798432512866e-04,-1.999044474025588047e-03,2.338124753868839334e-03,2.338124753868839334e-03
2.800000000000000266e+00,6.312121282763816232e-04,-2.117045240652773441e-03,2.748257368929155064e-03,2.748257368929155064e-03
2.825000000000000178e+00,9.308919647206814751e-04,-2.237583922969535455e-03,3.168475887690230808e-03,3.168475887690230808e-03
2.850000000000000089e+00,1.236791759676836300e-03,-2.360209956867753700e-03,3.597001716544590000e-03,3.597001716544590000e-03
2.875000000000000000e+00,1.547546676657352016e-03,-2.484470280903677830e-03,4.032016957561002091e-03,4.032016957561002091e-03
2.900000000000000355e+00,1.861824912089166117e-03,-2.609927759647898138e-03,4.471752671737064255e-03,4.471752671737064255e-03
2.925000000000000266e+00,2.178398687026239511e-03,-2.736171234516748818e-03,4.914569921542974451e-03,4.914569921542974451e-03
2.950000000000000178e+00,2.496207457748145231e-03,-2.862822213168587926e-03,5.359029670916740096e-03,5.359029670916740096e-03
2.975000000000000089e+00,2.814401648872894013e-03,-2.989547767191118310e-03,5.803949416064005384e-03,5.803949416064005384e-03
3.000000000000000000e+00,3.132361231471314511e-03,-3.116083648066980683e-03,6.248444879538295194e-03,6.248444879538295194e-03
3.025000000000000355e+00,3.449693299044515049e-03,-3.242259798852939467e-03,6.691953097897440639e-03,6.691953097897440639e-03
3.050000000000000266e+00,3.766218005692600901e-03,-3.368013323693422323e-03,7.134231329386009346e-03,7.134231329386009346e-03
3.075000000000000178e+00,4.081948528115594832e-03,-3.493378028595409135e-03,7.575326556711003967e-03,7.575326556711003967e-03
3.100000000000000089e+00,4.397062812169685864e-03,-3.618451981037038023e-03,8.015514793206723887e-03,8.015514793206723887e-03
3.125000000000000000e+00,4.711862866183358367e-03,-3.743357538338681900e-03,8.455220404522040267e-03,8.455220404522040267e-03
3.150000000000000355e+00,5.026725288378317003e-03,-3.868214034600810092e-03,8.894939322979120155e-03,8.894939322979120155e-03
3.175000000000000266e+00,5.342055948308457869e-03,-3.993136097926910932e-03,9.335192046235368801e-03,9.335192046235368801e-03
3.200000000000000178e+00,5.658260236500609053e-03,-4.118252390840796556e-03,9.776512627341395201e-03,9.776512627341395201e-03
3.225000000000000089e+00,5.975727609639144844e-03,-4.243722920804510884e-03,1.021945053044365920e-02,1.021945053044365920e-02
3.250000000000000000e+00,6.294817281508893747e-03,-4.369732144533285817e-03,1.066454942604217609e-02,1.066454942604217609e-02
3.275000000000000355e+00,6.615831457686696671e-03,-4.496451996429340348e-03,1.111228345411603702e-02,1.111228345411603702e-02
3.300000000000000266e+00,6.938972984431870938e-03,-4.623990685953517643e-03,1.156296367038539552e-02,1.156296367038539552e-02
3.325000000000000178e+00,7.264297185491597197e-03,-4.752352930658881175e-03,1.201665011615048184e-02,1.201665011615048184e-02
3.350000000000000089e+00,7.591674270045416228e-03,-4.881429020459866069e-03,1.247310329050527883e-02,1.247310329050527883e-02
3.375000000000000000e+00,7.920775556095147052e-03,-5.011011910261695124e-03,1.293178746635684218e-02,1.293178746635684218e-02
3.400000000000000355e+00,8.251087862686551366e-03,-5.140827820988297034e-03,1.339191568367485360e-02,1.339191568367485360e-02
3.425000000000000266e+00,8.581953241591382120e-03,-5.270565469295513533e-03,1.385251871088689565e-02,1.385251871088689565e-02
3.450000000000000178e+00,8.912628246068979992e-03,-5.399899034350653937e-03,1.431252728041963393e-02,1.431252728041963393e-02
3.475000000000000089e+00,9.242354219140167318e-03,-5.528509237626154024e-03,1.477086345676632134e-02,1.477086345676632134e-02
3.500000000000000000e+00,9.570425896860964426e-03,-5.656107530897474048e-03,1.522653342775843674e-02,1.522653342775843674e-02
3.525000000000000355e+00,9.896244920520184604e-03,-5.782462735602187168e-03,1.567870765612237177e-02,1.567870765612237177e-02
3.550000000000000266e+00,1.021935122749264777e-02,-5.907425187268673661e-03,1.612677641476132143e-02,1.612677641476132143e-02
3.575000000000000178e+00,1.053943398216600907e-02,-6.030943265973472828e-03,1.657037724813947843e-02,1.657037724813947843e-02
3.600000000000000089e+00,1.085632790693411183e-02,-6.153067215443511900e-03,1.700939512237762546e-02,1.700939512237762546e-02
3.625000000000000000e+00,1.117000092190471687e-02,-6.273933283822235446e-03,1.744393420572695058e-02,1.744393420572695058e-02
3.650000000000000355e+00,1.148053949312874238e-02,-6.393723571731093486e-03,1.787426306485983413e-02,1.787426306485983413e-02
3.675000000000000266e+00,1.178813870188638070e-02,-6.512610272674201201e-03,1.830074897456058364e-02,1.830074897456058364e-02
3.700000000000000178e+00,1.209309992397153248e-02,-6.630710435768953637e-03,1.872381035974048785e-02,1.872381035974048785e-02
3.725000000000000089e+00,1.239582967636592564e-02,-6.748079831346814883e-03,1.914390950771273706e-02,1.914390950771273706e-02
3.750000000000000000e+00,1.269682606870820019e-02,-6.864751970390256530e-03,1.956157803909845325e-02,1.956157803909845325e-02
3.775000000000000355e+00,1.299664286103681399e-02,-6.980796202854640253e-03,1.997743906389145424e-02,1.997743906389145424e-02
3.800000000000000266e+00,1.329583501023192532e-02,-7.096354921093984969e-03,2.039218993132590335e-02,2.039218993132590335e-02
3.825000000000000178e+00,1.359490224000587180e-02,-7.211635498978130610e-03,2.080653773898399894e-02,2.080653773898399894e-02
3.850000000000000089e+00,1.389424631886857636e-02,-7.326862157261061770e-03,2.122110847612963813e-02,2.122110847612963813e-02
3.875000000000000000e+00,1.419414404795011492e-02,-7.442212934212301401e-03,2.163635698216241632e-02,2.163635698216241632e-02
3.900000000000000355e+00,1.449472522588601819e-02,-7.557768329020303488e-03,2.205249355490632515e-02,2.205249355490632515e-02
3.925000000000000266e+00,1.479594563987533112e-02,-7.673487922755843627e-03,2.246943356263118169e-02,2.246943356263118169e-02
3.950000000000000178e+00,1.509755834689655712e-02,-7.789218759857836905e-03,2.288677710675439056e-02,2.288677710675439056e-02
3.975000000000000089e+00,1.539909874319984884e-02,-7.904728318301565415e-03,2.330382706150141772e-02,2.330382706150141772e-02
4.000000000000000000e+00,1.569989718208786994e-02,-8.019746734324380288e-03,2.371964391641224329e-02,2.371964391641224329e-02
4.025000000000000355e+00,1.599911806907951956e-02,-8.134000488130350981e-03,2.413311855720986707e-02,2.413311855720986707e-02
4.049999999999999822e+00,1.629581123019400307e-02,-8.247226086184021587e-03,2.454303731637802466e-02,2.454303731637802466e-02
4.075000000000000178e+00,1.658896211981486513e-02,-8.359165534157025901e-03,2.494812765397189103e-02,2.494812765397189103e-02
4.100000000000000533e+00,1.687753822909573986e-02,-8.469557270115390946e-03,2.534709549921111693e-02,2.534709549921111693e-02
4.125000000000000000e+00,1.716053654313012128e-02,-8.578137860907684986e-03,2.573867440403780626e-02,2.573867440403780626e-02
4.150000000000000355e+00,1.743703397041043018e-02,-8.684659807726140268e-03,2.612169377813657045e-02,2.612169377813657045e-02
4.174999999999999822e+00,1.770623416586429577e-02,-8.788917400075965669e-03,2.649515156594026838e-02,2.649515156594026838e-02
4.200000000000000178e+00,1.796750039745706462e-02,-8.890766881695627566e-03,2.685826727915268525e-02,2.685826727915268525e-02
4.225000000000000533e+00,1.822037016858044783e-02,-8.990133335845119922e-03,2.721050350442556776e-02,2.721050350442556776e-02
4.250000000000000000e+00,1.846455747194465646e-02,-9.087007398957652748e-03,2.755156487090230921e-02,2.755156487090230921e-02
4.275000000000000355e+00,1.869995239455359351e-02,-9.181439349630837743e-03,2.788139174418443125e-02,2.788139174418443125e-02
4.299999999999999822e+00,1.892662197471706859e-02,-9.273533622193096126e-03,2.820015559691016818e-02,2.820015559691016818e-02
4.325000000000000178e+00,1.914480729947696733e-02,-9.363440178141134440e-03,2.850824747761810524e-02,2.850824747761810524e-02
4.350000000000000533e+00,1.935490830230329057e-02,-9.451337848970169098e-03,2.880624615127346314e-02,2.880624615127346314e-02
4.375000000000000000e+00,1.955745237970670652e-02,-9.537409934699307701e-03,2.909486231440601423e-02,2.909486231440601423e-02
4.400000000000000355e+00,1.975305190024727320e-02,-9.621819581142929123e-03,2.937487148139020579e-02,2.937487148139020579e-02
4.424999999999999822e+00,1.994236211416623369e-02,-9.704695931244792378e-03,2.964705804541102607e-02,2.964705804541102607e-02
4.450000000000000178e+00,2.012605061605182016e-02,-9.786138730066562541e-03,2.991218934611838270e-02,2.991218934611838270e-02
4.475000000000000533e+00,2.030478329529634279e-02,-9.866240834916141511e-03,3.017102413021248430e-02,3.017102413021248430e-02
4.500000000000000000e+00,2.047922359238874696e-02,-9.945120050418188723e-03,3.042434364280693221e-02,3.042434364280693221e-02
4.525000000000000355e+00,2.065003601973459946e-02,-1.002294812849949604e-02,3.067298414823409550e-02,3.067298414823409550e-02
4.549999999999999822e+00,2.081788450569719076e-02,-1.009996638166616584e-02,3.091785088736335660e-02,3.091785088736335660e-02
4.575000000000000178e+00,2.098342154844723417e-02,-1.017648240494751707e-02,3.115990395339475125e-02,3.115990395339475125e-02
4.600000000000000533e+00,2.114727135876628278e-02,-1.025284887586665195e-02,3.140012023463293472e-02,3.140012023463293472e-02
4.625000000000000000e+00,2.131001334445159143e-02,-1.032943107064196453e-02,3.163944441509355249e-02,3.163944441509355249e-02
4.650000000000000355e+00,2.147216921439464021e-02,-1.040657206361795921e-02,3.187874127801260116e-02,3.187874127801260116e-02
4.674999999999999822e+00,2.163419104418716488e-02,-1.048456289553081552e-02,3.211875393971797693e-02,3.211875393971797693e-02
4.700000000000000178e+00,2.179644480731980638e-02,-1.056362113986853216e-02,3.236006594718833507e-02,3.236006594718833507e-02
4.725000000000000533e+00,2.195918723111760923e-02,-1.064387738827872118e-02,3.260306461939633388e-02,3.260306461939633388e-02
4.750000000000000000e+00,2.212254055496404304e-02,-1.072536718460553526e-02,3.284790773956958870e-02,3.284790773956958870e-02
4.775000000000000355e+00,2.228647394510370472e-02,-1.080802778466671485e-02,3.309450172977042998e-02,3.309450172977042998e-02
4.800000000000000711e+00,2.245079895999174679e-02,-1.089170336552265292e-02,3.334250232551439624e-02,3.334250232551439624e-02
4.825000000000000178e+00,2.261518182006513888e-02,-1.097616352535000714e-02,3.359134534541514255e-02,3.359134534541514255e-02
4.850000000000000533e+00,2.277917158291500876e-02,-1.106113518276156601e-02,3.384030676567658519e-02,3.384030676567658519e-02
4.875000000000000000e+00,2.294224240517210578e-02,-1.114634111766718214e-02,3.408858352283928445e-02,3.408858352283928445e-02
4.900000000000000355e+00,2.310384758817822515e-02,-1.123153527483344155e-02,3.433538286301165976e-02,3.433538286301165976e-02
4.925000000000000711e+00,2.326347970012812572e-02,-1.131652708200343860e-02,3.458000678213157819e-02,3.458000678213157819e-02
4.950000000000000178e+00,2.342072576118429950e-02,-1.140119115645396586e-02,3.482191691763825148e-02,3.482191691763825148e-02
4.975000000000000533e+00,2.357530521160645931e-02,-1.148546158952124668e-02,3.506076680112769905e-02,3.506076680112769905e-02
5.000000000000000000e+00,2.372708439139520342e-02,-1.156931198038272518e-02,3.529639637177790779e-02,3.529639637177790779e-02
5.025000000000000355e+00,2.387607027661438341e-02,-1.165272628583324810e-02,3.552879656244761764e-02,3.552879656244761764e-02
5.050000000000000711e+00,2.402239281325274645e-02,-1.173567163385765000e-02,3.575806444711041032e-02,3.575806444711041032e-02
5.075000000000000178e+00,2.416628844246587748e-02,-1.181808816427880326e-02,3.598437660674469463e-02,3.598437660674469463e-02
5.100000000000000533e+00,2.430809631317670805e-02,-1.189990690407515678e-02,3.620800321725185789e-02,3.620800321725185789e-02
5.125000000000000000e+00,2.444826961889673411e-02,-1.198109354696874629e-02,3.642936316586550816e-02,3.642936316586550816e-02
5.150000000000000355e+00,2.458738959546868941e-02,-1.206170082985496411e-02,3.664909042532364658e-02,3.664909042532364658e-02
5.175000000000000711e+00,2.472616105113684126e-02,-1.214190563761467084e-02,3.686806668875151904e-02,3.686806668875151904e-02
5.200000000000000178e+00,2.486537614113609740e-02,-1.222201373675842195e-02,3.708738987789450547e-02,3.708738987789450547e-02
5.225000000000000533e+00,2.500585273771310790e-02,-1.230243006925818561e-02,3.730828280697126575e-02,3.730828280697126575e-02
5.250000000000000000e+00,2.514836934778430511e-02,-1.238360662663434697e-02,3.753197597441867983e-02,3.753197597441867983e-02
5.275000000000000355e+00,2.529361884575032082e-02,-1.246598683914455774e-02,3.775960568489487856e-02,3.775960568489487856e-02
5.300000000000000711e+00,2.544219046641615911e-02,-1.254996361522084380e-02,3.799215408163703067e-02,3.799215408163703067e-02
5.325000000000000178e+00,2.559457391648384261e-02,-1.263585924242545400e-02,3.823043315890931049e-02,3.823043315890931049e-02
5.350000000000000533e+00,2.575116998369306187e-02,-1.272392361802827943e-02,3.847509360172132742e-02,3.847509360172132742e-02
5.375000000000000000e+00,2.591229205864675755e-02,-1.281433931641073887e-02,3.872663137505749642e-02,3.872663137505749642e-02
5.400000000000000355e+00,2.607815165111140865e-02,-1.290722295569542155e-02,3.898537460680681632e-02,3.898537460680681632e-02
5.425000000000000711e+00,2.624883404200645254e-02,-1.300262131310102320e-02,3.925145535510746186e-02,3.925145535510746186e-02
5.450000000000000178e+00,2.642428088956380594e-02,-1.310051061681240248e-02,3.952479150637619454e-02,3.952479150637619454e-02
5.475000000000000533e+00,2.660429859786606066e-02,-1.320080979187739090e-02,3.980510838974346544e-02,3.980510838974346544e-02
5.500000000000000000e+00,2.678860205685268392e-02,-1.330340944721858376e-02,4.009201150407126768e-02,4.009201150407126768e-02
5.525000000000000355e+00,2.697688602424033744e-02,-1.340820393717469250e-02,4.038508996141501606e-02,4.038508996141501606e-02
5.550000000000000711e+00,2.716890007102507054e-02,-1.351510685442099124e-02,4.068400692544607566e-02,4.068400692544607566e-02
5.575000000000000178e+00,2.736449943000224261e-02,-1.362403979170925816e-02,4.098853922171152853e-02,4.098853922171152853e-02
5.600000000000000533e+00,2.756365823583256658e-02,-1.373490469494062505e-02,4.129856293077321938e-02,4.129856293077321938e-02
5.625000000000000000e+00,2.776645428365559498e-02,-1.384756428578635956e-02,4.161401856944194066e-02,4.161401856944194066e-02
5.650000000000000355e+00,2.797304809400180670e-02,-1.396184974537859058e-02,4.193489783938036952e-02,4.193489783938036952e-02
5.675000000000000711e+00,2.818367427055840091e-02,-1.407759498545978205e-02,4.226126925601816908e-02,4.226126925601816908e-02
5.700000000000000178e+00,2.839864682367743143e-02,-1.419468042933713647e-02,4.259332725301456790e-02,4.259332725301456790e-02
5.725000000000000533e+00,2.861836705216441734e-02,-1.431306850277952458e-02,4.293143555494394192e-02,4.293143555494394192e-02
5.750000000000000000e+00,2.884332166368980266e-02,-1.443282323384455224e-02,4.327614489753436877e-02,4.327614489753436877e-02
5.775000000000000355e+00,2.907406819896352079e-02,-1.455411430769543157e-02,4.362818250665889686e-02,4.362818250665889686e-02
5.800000000000000711e+00,2.931121484217341644e-02,-1.467720573609321288e-02,4.398842057826662932e-02,4.398842057826662932e-02
5.825000000000000178e+00,2.955540226514391522e-02,-1.480242682639459906e-02,4.435782909153851428e-02,4.435782909153851428e-02
5.850000000000000533e+00,2.980728516477704204e-02,-1.493012648343497450e-02,4.473741164821198879e-02,4.473741164821198879e-02
5.875000000000000000e+00,3.006750094567373077e-02,-1.506062052578532873e-02,4.512812147145905950e-02,4.512812147145905950e-02
5.900000000000000355e+00,3.033661410516330648e-02,-1.519414693500528712e-02,4.553076104016856585e-02,4.553076104016856585e-02
5.925000000000000711e+00,3.061503840571239143e-02,-1.533083972774375303e-02,4.594587813345615834e-02,4.594587813345615834e-02
5.950000000000000178e+00,3.090295582802538021e-02,-1.547072237228776237e-02,4.637367820031315646e-02,4.637367820031315646e-02
5.975000000000000533e+00,3.120026083707450049e-02,-1.561371533545449775e-02,4.681397617252897048e-02,4.681397617252897048e-02
6.000000000000000000e+00,3.150655477043906583e-02,-1.575965336216501866e-02,4.726620813260409837e-02,4.726620813260409837e-02
6.025000000000000355e+00,3.182119941168592980e-02,-1.590831175115520191e-02,4.772951116284113171e-02,4.772951116284113171e-02
6.050000000000000711e+00,3.214341773111645262e-02,-1.605943985891043757e-02,4.820285759002687631e-02,4.820285759002687631e-02
6.075000000000000178e+00,3.247241177309023730e-02,-1.621279370072324644e-02,4.868520547381346986e-02,4.868520547381346986e-02
6.100000000000000533e+00,3.280746148130753159e-02,-1.636815619364952179e-02,4.917561767495706726e-02,4.917561767495706726e-02
6.125000000000000000e+00,3.314798043351674384e-02,-1.652534102896394130e-02,4.967332146248065738e-02,4.967332146248065738e-02
6.150000000000000355e+00,3.349353051120285141e-02,-1.668418994035844594e-02,5.017772045156126959e-02,5.017772045156126959e-02
6.175000000000000711e+00,3.384381919547468920e-02,-1.684457928751856293e-02,5.068839848299327988e-02,5.068839848299327988e-02
6.200000000000000178e+00,3.419870423549165039e-02,-1.700644268843733153e-02,5.120514692392894029e-02,5.120514692392894029e-02
6.225000000000000533e+00,3.455821334879155549e-02,-1.716980003038832969e-02,5.172801337917984354e-02,5.172801337917984354e-02
6.250000000000000000e+00,3.492256771028900975e-02,-1.733477482011205884e-02,5.225734253040104083e-02,5.225734253040104083e-02
6.275000000000000355e+00,3.529219080630507932e-02,-1.750158785884720070e-02,5.279377866515228002e-02,5.279377866515228002e-02
6.300000000000000711e+00,3.566769124333996066e-02,-1.767052861181842016e-02,5.333821985515840858e-02,5.333821985515840858e-02
6.325000000000000178e+00,3.604982214901913951e-02,-1.784191551386178631e-02,5.389173766288088419e-02,5.389173766288088419e-02
6.350000000000000533e+00,3.643942961533763736e-02,-1.801605809032057193e-02,5.445548770565819541e-02,5.445548770565819541e-02
6.375000000000000000e+00,3.683740098148224895e-02,-1.819322954879777632e-02,5.503063053028003915e-02,5.503063053028003915e-02
6.400000000000000355e+00,3.724461361511266499e-02,-1.837365311465648243e-02,5.561826672976913355e-02,5.561826672976913355e-02
6.425000000000000711e+00,3.766187735212328525e-02,-1.855750167958022945e-02,5.621937903170354245e-02,5.621937903170354245e-02
6.450000000000000178e+00,3.808986790259344390e-02,-1.874490785720916985e-02,5.683477575980261376e-02,5.683477575980261376e-02
6.475000000000000533e+00,3.852906114176235519e-02,-1.893597818689576884e-02,5.746503932865809627e-02,5.746503932865809627e-02
6.500000000000000000e+00,3.897968588176764504e-02,-1.913080106292380789e-02,5.811048694469145293e-02,5.811048694469145293e-02
6.525000000000000355e+00,3.944170631639123958e-02,-1.932943718264577837e-02,5.877114349903703183e-02,5.877114349903703183e-02
6.550000000000000711e+00,3.991483012834548538e-02,-1.953188839270054988e-02,5.944671852104602139e-02,5.944671852104602139e-02
6.575000000000000178e+00,4.039852773339522307e-02,-1.973805407384184030e-02,6.013658180723704949e-02,6.013658180723704949e-02
6.600000000000000533e+00,4.089205057064537741e-02,-1.994769501751179896e-02,6.083974558815716249e-02,6.083974558815716249e-02
6.625000000000000000e+00,4.139444855192803141e-02,-2.016042481106723738e-02,6.155487336299528267e-02,6.155487336299528267e-02
6.650000000000000355e+00,4.190459780264813028e-02,-2.037573723432037354e-02,6.228033503696850381e-02,6.228033503696850381e-02
6.675000000000000711e+00,4.242125011079447838e-02,-2.059306178739141180e-02,6.301431189818590406e-02,6.301431189818590406e-02
6.700000000000000178e+00,4.294310545146670655e-02,-2.081182776758117720e-02,6.375493321904789068e-02,6.375493321904789068e-02
6.725000000000000533e+00,4.346889832257766484e-02,-2.103151711349147274e-02,6.450041543606911676e-02,6.450041543606911676e-02
6.750000000000000000e+00,4.399748499976421923e-02,-2.125169656194155626e-02,6.524918156170576855e-02,6.524918156170576855e-02
6.775000000000000355e+00,4.452791957878068918e-02,-2.147203171821206874e-02,6.599995129699275098e-02,6.599995129699275098e-02
6.800000000000000711e+00,4.505950699224012257e-02,-2.169229073867750407e-02,6.675179773091761970e-02,6.675179773091761970e-02
6.825000000000000178e+00,4.559182438051642694e-02,-2.191234282163325581e-02,6.750416720214967581e-02,6.750416720214967581e-02
6.850000000000000533e+00,4.612471305281318212e-02,-2.213215250303857129e-02,6.825686555585175341e-02,6.825686555585175341e-02
6.875000000000000000e+00,4.665825566178355421e-02,-2.235176959873144686e-02,6.901002526051500108e-02,6.901002526051500108e-02
6.900000000000000355e+00,4.719275504316165770e-02,-2.257131613156611316e-02,6.976407117472777086e-02,6.976407117472777086e-02
6.925000000000000711e+00,4.772872004433044435e-02,-2.279097284662402745e-02,7.051969289095447180e-02,7.051969289095447180e-02
6.950000000000000178e+00,4.826684975567049896e-02,-2.301096742714015680e-02,7.127781718281066270e-02,7.127781718281066270e-02
6.975000000000000533e+00,4.880800213149569244e-02,-2.323156475189475795e-02,7.203956688339045733e-02,7.203956688339045733e-02
7.000000000000000000e+00,4.935313913318217782e-02,-2.345305760118044508e-02,7.280619673436261596e-02,7.280619673436261596e-02
7.025000000000000355e+00,4.990325294232333952e-02,-2.367575512332321247e-02,7.357900806564654506e-02,7.357900806564654506e-02
7.050000000000000711e+00,5.045928710651842453e-02,-2.389996676553800270e-02,7.435925387205644110e-02,7.435925387205644110e-02
7.075000000000000178e+00,5.102206548362200889e-02,-2.412598113509502318e-02,7.514804661871701819e-02,7.514804661871701819e-02
7.100000000000000533e+00,5.159223158511103136e-02,-2.435404148376796654e-02,7.594627306887899443e-02,7.594627306887899443e-02
7.125000000000000000e+00,5.217019100690412775e-02,-2.458432123027077393e-02,7.675451223717488780e-02,7.675451223717488780e-02
7.150000000000000355e+00,5.275605013010104677e-02,-2.481690366062421632e-02,7.757295379072526309e-02,7.757295379072526309e-02
7.175000000000000711e+00,5.334955585271070055e-02,-2.505176933493348176e-02,7.840132518764418579e-02,7.840132518764418579e-02
7.200000000000000178e+00,5.395005455545336115e-02,-2.528879248442486224e-02,7.923884703987821299e-02,7.923884703987821299e-02
7.225000000000000533e+00,5.455649383907863748e-02,-2.552774472247873114e-02,8.008423856155735820e-02,8.008423856155735820e-02
7.250000000000000000e+00,5.516748381991028183e-02,-2.576830329580620180e-02,8.093578711571647322e-02,8.093578711571647322e-02
7.275000000000000355e+00,5.578141714775976256e-02,-2.601006338876677912e-02,8.179148053652654515e-02,8.179148053652654515e-02
7.300000000000000711e+00,5.639662446186405331e-02,-2.625255728814437570e-02,8.264918175000843248e-02,8.264918175000843248e-02
7.325000000000000178e+00,5.701152665268650888e-02,-2.649528345953741648e-02,8.350681011222392536e-02,8.350681011222392536e-02
7.350000000000000533e+00,5.762474804095203684e-02,-2.673774490892237565e-02,8.436249294987441250e-02,8.436249294987441250e-02
7.375000000000000000e+00,5.823517424988867985e-02,-2.697949130816826996e-02,8.521466555805695675e-02,8.521466555805695675e-02
7.400000000000000355e+00,5.884196195679163716e-02,-2.722015601590024175e-02,8.606211797269187891e-02,8.606211797269187891e-02
7.425000000000000711e+00,5.944452209175341700e-02,-2.745947899875941789e-02,8.690400109051284183e-02,8.690400109051284183e-02
7.450000000000000178e+00,6.004249958380249164e-02,-2.769731095054316083e-02,8.773981053434565247e-02,8.773981053434565247e-02
7.475000000000000533e+00,6.063576416440902284e-02,-2.793360131945248070e-02,8.856936548386150354e-02,8.856936548386150354e-02
7.500000000000000000e+00,6.122441279049081753e-02,-2.816837853154534332e-02,8.939279132203616085e-02,8.939279132203616085e-02
7.525000000000000355e+00,6.180877128589052499e-02,-2.840173048139765094e-02,9.021050176728817593e-02,9.021050176728817593e-02
7.550000000000000711e+00,6.238937768928708161e-02,-2.863378901440070956e-02,9.102316670368779117e-02,9.102316670368779117e-02
7.575000000000000178e+00,6.296693541606615541e-02,-2.886471818642964704e-02,9.183165360249580245e-02,9.183165360249580245e-02
7.600000000000000533e+00,6.354223709672179865e-02,-2.909470442364940623e-02,9.263694152037120488e-02,9.263694152037120488e-02
7.625000000000000000e+00,6.411607260367080396e-02,-2.932394609788337159e-02,9.344001870155418943e-02,9.344001870155418943e-02
7.650000000000000355e+00,6.468914046247245531e-02,-2.955263964973048330e-02,9.424178011220293860e-02,9.424178011220293860e-02
7.675000000000000711e+00,6.526197741275532871e-02,-2.978096048949356589e-02,9.504293790224888072e-02,9.504293790224888072e-02
7.700000000000000178e+00,6.583491056952833764e-02,-3.000904075273291838e-02,9.584395132226125602e-02,9.584395132226125602e-02
7.725000000000000533e+00,6.640803023634489488e-02,-3.023695056896300026e-02,9.664498080530789514e-02,9.664498080530789514e-02
7.750000000000000000e+00,6.698118357044199889e-02,-3.046468998582310683e-02,9.744587355626511960e-02,9.744587355626511960e-02
7.775000000000000355e+00,6.755399319311136686e-02,-3.069219284051886987e-02,9.824618603363023672e-02,9.824618603363023672e-02
7.800000000000000711e+00,6.812590143771987683e-02,-3.091933604278171432e-02,9.904523748050159115e-02,9.904523748050159115e-02
7.825000000000000178e+00,6.869623084858919593e-02,-3.114594558367260457e-02,9.984217643226178662e-02,9.984217643226178662e-02
7.850000000000000533e+00,6.926424387060609034e-02,-3.137179726135737312e-02,1.006360411319634496e-01,1.006360411319634496e-01
7.875000000000000000e+00,6.982918711027080727e-02,-3.159661987250877990e-02,1.014258069827795872e-01,1.014258069827795872e-01
7.900000000000000355e+00,7.039031765992068146e-02,-3.182011132512199691e-02,1.022104289850427061e-01,1.022104289850427061e-01
7.925000000000000711e+00,7.094692226427647130e-02,-3.204196985493264205e-02,1.029888921192091134e-01,1.029888921192091134e-01
7.950000000000000178e+00,7.149834429306506367e-02,-3.226193062747978457e-02,1.037602749205448482e-01,1.037602749205448482e-01
7.975000000000000533e+00,7.204402523271757897e-02,-3.247979350742241644e-02,1.045238187401399954e-01,1.045238187401399954e-01
8.000000000000000000e+00,7.258355371304654746e-02,-3.269543411908805430e-02,1.052789878321345879e-01,1.052789878321345879e-01
8.025000000000000355e+00,7.311670712779649861e-02,-3.290880145632610332e-02,1.060255085841226019e-01,1.060255085841226019e-01
8.050000000000000711e+00,7.364347394362530386e-02,-3.311991247937479121e-02,1.067633864230000951e-01,1.067633864230000951e-01
8.075000000000001066e+00,7.416405387065530541e-02,-3.332885272966143453e-02,1.074929066003167538e-01,1.074929066003167538e-01
8.099999999999999645e+00,7.467883942424816124e-02,-3.353578404709359195e-02,1.082146234713417671e-01,1.082146234713417671e-01
8.125000000000000000e+00,7.518838334995885109e-02,-3.374095248536528036e-02,1.089293358353241314e-01,1.089293358353241314e-01
8.150000000000000355e+00,7.569335593972480181e-02,-3.394468688231989939e-02,1.096380428220447151e-01,1.096380428220447151e-01
8.175000000000000711e+00,7.619449710385720054e-02,-3.414738189344504460e-02,1.103418789973022451e-01,1.103418789973022451e-01
8.200000000000001066e+00,7.669256815953348627e-02,-3.434946578785136317e-02,1.110420339473848494e-01,1.110420339473848494e-01
8.224999999999999645e+00,7.718830578912798390e-02,-3.455135927186121780e-02,1.117396650609891878e-01,1.117396650609891878e-01
8.250000000000000000e+00,7.768237724142369738e-02,-3.475343413803196058e-02,1.124358113794556580e-01,1.124358113794556580e-01
8.275000000000000355e+00,7.817533490310846211e-02,-3.495597921846295419e-02,1.131313141215714302e-01,1.131313141215714302e-01
8.300000000000000711e+00,7.866757122299514182e-02,-3.515917824646866419e-02,1.138267494694638199e-01,1.138267494694638199e-01
8.325000000000001066e+00,7.915927946489845213e-02,-3.536310175091825214e-02,1.145223812158167181e-01,1.145223812158167181e-01
8.349999999999999645e+00,7.965042834422278450e-02,-3.556771273634974639e-02,1.152181410805725031e-01,1.152181410805725031e-01
8.375000000000000000e+00,8.014075781977883506e-02,-3.577288319751016632e-02,1.159136410172890014e-01,1.159136410172890014e-01
8.400000000000000355e+00,8.062979954452492715e-02,-3.597841644461316490e-02,1.166082159891380782e-01,1.166082159891380782e-01
8.425000000000000711e+00,8.111691910056997856e-02,-3.618406981483171525e-02,1.173009889154016799e-01,1.173009889154016799e-01
8.450000000000001066e+00,8.160137012250026634e-02,-3.638957361130748525e-02,1.179909437338077238e-01,1.179909437338077238e-01
8.474999999999999645e+00,8.208234702246372527e-02,-3.659464427288189325e-02,1.186769912953456185e-01,1.186769912953456185e-01
8.500000000000000000e+00,8.255902593090119757e-02,-3.679899184234200482e-02,1.193580177732432024e-01,1.193580177732432024e-01
8.525000000000000355e+00,8.303059125189679590e-02,-3.700232331730241020e-02,1.200329145691992061e-01,1.200329145691992061e-01
8.550000000000000711e+00,8.349625417742978506e-02,-3.720434477045495708e-02,1.207005989478847352e-01,1.207005989478847352e-01
8.575000000000001066e+00,8.395527517959697206e-02,-3.740476619771621047e-02,1.213600413773131964e-01,1.213600413773131964e-01
8.599999999999999645e+00,8.440700098290776499e-02,-3.760331273158684651e-02,1.220103137144946115e-01,1.220103137144946115e-01
8.625000000000000000e+00,8.485091694012847352e-02,-3.779974303943076791e-02,1.226506599795592484e-01,1.226506599795592484e-01
8.650000000000000355e+00,8.528670235405597100e-02,-3.799387132237806025e-02,1.232805736764340243e-01,1.232805736764340243e-01
8.675000000000000711e+00,8.571426807468693343e-02,-3.818558634537150276e-02,1.238998544200584362e-01,1.238998544200584362e-01
8.700000000000001066e+00,8.613376084270830957e-02,-3.837486168112570761e-02,1.245086225238340172e-01,1.245086225238340172e-01
8.724999999999999645e+00,8.654553571752723884e-02,-3.856175499523693817e-02,1.251072907127641631e-01,1.251072907127641631e-01
8.750000000000000000e+00,8.695011434620603108e-02,-3.874639847289510636e-02,1.256965128191011583e-01,1.256965128191011583e-01
8.775000000000000355e+00,8.734815154800541770e-02,-3.892898654209420162e-02,1.262771380900996054e-01,1.262771380900996054e-01
8.800000000000000711e+00,8.774042372690460390e-02,-3.910976952535354795e-02,1.268501932522581588e-01,1.268501932522581588e-01
8.825000000000001066e+00,8.812783507775226455e-02,-3.928905854909375134e-02,1.274168936268460228e-01,1.274168936268460228e-01
8.849999999999999645e+00,8.851142113076129747e-02,-3.946723633004083076e-02,1.279786574608021144e-01,1.279786574608021144e-01
8.875000000000000000e+00,8.889232597571183891e-02,-3.964475796574939287e-02,1.285370839414612387e-01,1.285370839414612387e-01
8.900000000000000355e+00,8.927174404645925321e-02,-3.982212697725293765e-02,1.290938710237121978e-01,1.290938710237121978e-01
8.925000000000000711e+00,8.965083887536626217e-02,-3.999984640239691303e-02,1.296506852777631891e-01,1.296506852777631891e-01
8.950000000000001066e+00,9.003066313347361793e-02,-4.017836167806114467e-02,1.302090248115347626e-01,1.302090248115347626e-01
8.974999999999999645e+00,9.041210064989263495e-02,-4.035801841759299735e-02,1.307701190674856462e-01,1.307701190674856462e-01
9.000000000000000000e+00,9.079583919915285017e-02,-4.053905022484628751e-02,1.313348894239991238e-01,1.313348894239991238e-01
9.025000000000000355e+00,9.118237173605663048e-02,-4.072159594051856513e-02,1.319039676765751956e-01,1.319039676765751956e-01
9.050000000000000711e+00,9.157201723620778111e-02,-4.090573297687227772e-02,1.324777502130800588e-01,1.324777502130800588e-01
9.075000000000001066e+00,9.196495159797121732e-02,-4.109151089967389564e-02,1.330564624976451060e-01,1.330564624976451060e-01
9.099999999999999645e+00,9.236124366961381837e-02,-4.127897566913344557e-02,1.336402193387472570e-01,1.336402193387472570e-01
9.125000000000000000e+00,9.276089503007549364e-02,-4.146818197211372958e-02,1.342290770021892232e-01,1.342290770021892232e-01
9.150000000000000355e+00,9.316387716913523964e-02,-4.165919303380829358e-02,1.348230702029435402e-01,1.348230702029435402e-01
9.175000000000000711e+00,9.357015085213030159e-02,-4.185206633082368816e-02,1.354222171829539967e-01,1.354222171829539967e-01
9.200000000000001066e+00,9.397965506769925814e-02,-4.204682609011090033e-02,1.360264811578101585e-01,1.360264811578101585e-01
9.224999999999999645e+00,9.439227232377464527e-02,-4.224343126902428691e-02,1.366357035927989183e-01,1.366357035927989183e-01
9.250000000000000000e+00,9.480779813896081376e-02,-4.244175520438930871e-02,1.372495533433501225e-01,1.372495533433501225e-01
9.275000000000000355e+00,9.522594578379622865e-02,-4.264159235467912534e-02,1.378675381384753540e-01,1.378675381384753540e-01
9.300000000000000711e+00,9.564639811604544462e-02,-4.284269590462157912e-02,1.384890940206670029e-01,1.384890940206670029e-01
9.325000000000001066e+00,9.606888986592623803e-02,-4.304483363064980778e-02,1.391137234965760250e-01,1.391137234965760250e-01
9.349999999999999645e+00,9.649328587791383693e-02,-4.324783982582323938e-02,1.397411257037370347e-01,1.397411257037370347e-01
9.375000000000000000e+00,9.691962515356547514e-02,-4.345164525035759978e-02,1.403712704039230541e-01,1.403712704039230541e-01
9.400000000000000355e+00,9.734812047440233318e-02,-4.365628027626573815e-02,1.410044007506680575e-01,1.410044007506680575e-01
9.425000000000000711e+00,9.777912178754522010e-02,-4.386185754028197603e-02,1.416409793278272100e-01,1.416409793278272100e-01
9.450000000000001066e+00,9.821305949214195752e-02,-4.406854398266454864e-02,1.422816034748065062e-01,1.422816034748065062e-01
9.474999999999999645e+00,9.865038557216843085e-02,-4.427653087756251715e-02,1.429269164497309896e-01,1.429269164497309896e-01
9.500000000000000000e+00,9.909153035396756071e-02,-4.448600815934422581e-02,1.435775385133117865e-01,1.435775385133117865e-01
9.525000000000000355e+00,9.953688678818078950e-02,-4.469714660450301025e-02,1.442340333926838136e-01,1.442340333926838136e-01
9.550000000000000711e+00,9.998681969455269769e-02,-4.491008805045224039e-02,1.448969077450049658e-01,1.448969077450049658e-01
9.575000000000001066e+00,1.004416811694316403e-01,-4.512494110619910681e-02,1.455666222756307748e-01,1.455666222756307748e-01
9.600000000000001421e+00,1.009018078693228460e-01,-4.534177939016485748e-02,1.462435872594876896e-01,1.462435872594876896e-01
9.625000000000000000e+00,1.013674880892865560e-01,-4.556064123471606497e-02,1.469281293240026209e-01,1.469281293240026209e-01
9.650000000000000355e+00,1.018389097555209566e-01,-4.578153200073971363e-02,1.476204417562606286e-01,1.476204417562606286e-01
9.675000000000000711e+00,1.023161177755232409e-01,-4.600443056425580768e-02,1.483205483397790625e-01,1.483205483397790625e-01
9.700000000000001066e+00,1.027990075112326651e-01,-4.622930003826934697e-02,1.490283075495019982e-01,1.490283075495019982e-01
9.725000000000001421e+00,1.032873615426938563e-01,-4.645610052008239399e-02,1.497434620627762780e-01,1.497434620627762780e-01
9.750000000000000000e+00,1.037809123110615683e-01,-4.668479972096671593e-02,1.504657120320282704e-01,1.504657120320282704e-01
9.775000000000000355e+00,1.042793995618969960e-01,-4.691537724316438562e-02,1.511947768050613816e-01,1.511947768050613816e-01
9.800000000000000711e+00,1.047825986456750735e-01,-4.714782142207299409e-02,1.519304200677480399e-01,1.519304200677480399e-01
9.825000000000001066e+00,1.052903192283607681e-01,-4.738212275682568420e-02,1.526724419851864245e-01,1.526724419851864245e-01
9.850000000000001421e+00,1.058023951271392926e-01,-4.761827067625910848e-02,1.534206658033983872e-01,1.534206658033983872e-01
9.875000000000000000e+00,1.063186875460327419e-01,-4.785625740580663756e-02,1.541749449518393933e-01,1.541749449518393933e-01
9.900000000000000355e+00,1.068391067565192531e-01,-4.809608562879015559e-02,1.549351923853093671e-01,1.549351923853093671e-01
9.925000000000000711e+00,1.073636377923234686e-01,-4.833777142793671544e-02,1.557014092202601563e-01,1.557014092202601563e-01
9.950000000000001066e+00,1.078923501898740867e-01,-4.858133630853367357e-02,1.564736864984077602e-01,1.564736864984077602e-01
9.975000000000001421e+00,1.084253838455638552e-01,-4.882679164996842069e-02,1.572521754955322759e-01,1.572521754955322759e-01
1.000000000000000000e+01,1.089629213171817157e-01,-4.907412764274433903e-02,1.580370489599260131e-01,1.580370489599260131e-01
