Time(s),ReactionForce(N),ReactionMoment(Nm),Exp_X(m),Exp_Rz(rad),Cmd_X(m),Cmd_Rz(rad)
0.000000000000000000e+00,7.761083864856535564e-02,7.900010471963498510e-03,1.054500000000004436e-03,7.871434926494426387e-04,0.000000000000000000e+00,0.000000000000000000e+00
2.500000000000000139e-02,8.568511116512145254e-02,4.990002687799442033e-02,1.054900000000003578e-03,7.888888219014369508e-04,6.700919353111585116e-05,5.088318758114083350e-05
5.000000000000000278e-02,1.110625355943902354e-01,1.205000003488822524e-01,1.066599999999993942e-03,7.976154681614085109e-04,2.667351608285447500e-04,2.013245438276018329e-04
7.500000000000001110e-02,2.313970088860403673e-01,2.006999999999999895e-01,1.124899999999996606e-03,8.412486994612668537e-04,5.966914262306804127e-04,4.477189804991069805e-04
1.000000000000000056e-01,2.342913152264579080e-01,2.997999999999999554e-01,1.319000000000002679e-03,9.861110273767961613e-04,1.054525237062296826e-03,7.882325679670280482e-04
1.250000000000000000e-01,2.293315672762129276e-01,4.119999999999999774e-01,1.689199999999999643e-03,1.267109036947883108e-03,1.637815290417724955e-03,1.223038985958328946e-03
1.500000000000000222e-01,-6.743456473807310503e-02,3.825999999999999401e-01,2.236900000000005637e-03,1.685988057426522331e-03,2.343874221221130087e-03,1.754426529493516643e-03
1.750000000000000167e-01,-4.384033617978092545e-01,3.508999999999999897e-01,3.212599999999994713e-03,2.446951611296049964e-03,3.169573958523561920e-03,2.386764599474186857e-03
2.000000000000000111e-01,-2.405459508825054382e-01,2.640999999999999459e-01,4.096900000000004878e-03,3.155555287605747803e-03,4.111207750720655314e-03,3.126329396196889706e-03
2.250000000000000056e-01,-6.714405130346823292e-01,1.589999999999991767e-02,4.913200000000003849e-03,3.827507049623564764e-03,5.164399757539891132e-03,3.980998008227810275e-03
2.500000000000000000e-01,-6.477656393383143252e-01,-2.004000000000000226e-01,6.172300000000007295e-03,4.900884539600077611e-03,6.324072234240100433e-03,4.959826861881745305e-03
2.750000000000000222e-01,-8.015684976015854390e-01,-4.125999999999999668e-01,7.158000000000001167e-03,5.777039824101231139e-03,7.584479614352657162e-03,6.072534648851308711e-03
3.000000000000000444e-01,-1.868236018790943476e+00,-6.642000000000000126e-01,8.883200000000002552e-03,7.386233394440003090e-03,8.939315129137892849e-03,7.328914258825603052e-03
3.250000000000000111e-01,-2.054912007827102371e+00,-8.284000000000001362e-01,1.004130000000000647e-02,8.520697408236316966e-03,1.038188777204292201e-02,8.738205785636853073e-03
3.500000000000000333e-01,-2.235018160795146702e+00,-1.059899999999999842e+00,1.173560000000000575e-02,1.026079067247466330e-02,1.190535785478923601e-02,1.030847181954893180e-02
3.750000000000000000e-01,-1.970882179181425720e+00,-1.333699999999999886e+00,1.351510000000000385e-02,1.219636081293637431e-02,1.350301234475075052e-02,1.204602129184838277e-02
4.000000000000000222e-01,-2.086756605570231127e+00,-1.435299999999999798e+00,1.510649999999999667e-02,1.401673922276646181e-02,1.516855887014269787e-02,1.395492467296938384e-02
4.250000000000000444e-01,-2.718457724587377999e+00,-1.572499999999999787e+00,1.646760000000000584e-02,1.563815009786919188e-02,1.689641826950680908e-02,1.603665259477548080e-02
4.500000000000000111e-01,-2.550014927275392029e+00,-1.573799999999999866e+00,1.843309999999999740e-02,1.808510170916524315e-02,1.868199686828116504e-02,1.828985754985009218e-02
4.750000000000000333e-01,-2.139775970075473488e+00,-1.564400000000000013e+00,2.018829999999999930e-02,2.036450171226983699e-02,2.052192017997527332e-02,2.071030871152657396e-02
5.000000000000000000e-01,-2.506559008957005563e+00,-1.539499999999999869e+00,2.231140000000000553e-02,2.322509635628854444e-02,2.241421083629868694e-02,2.329098271587676933e-02
5.250000000000000222e-01,-1.860641489102158097e+00,-1.377000000000000224e+00,2.417290000000000064e-02,2.580643831998815502e-02,2.435839675404006394e-02,2.602230489580579370e-02
5.500000000000000444e-01,-2.017133416365224807e+00,-1.238500000000000156e+00,2.575830000000000480e-02,2.805093173805286305e-02,2.635554045815885829e-02,2.889252439399982858e-02
5.750000000000000666e-01,-1.668826829170935833e+00,-9.982000000000000872e-01,2.838809999999999598e-02,3.183829621488055983e-02,2.840818552834237926e-02,3.188819531364039950e-02
6.000000000000000888e-01,-1.186647294703150335e+00,-7.912000000000000144e-01,3.043359999999999815e-02,3.481233726027889441e-02,3.052022060830231545e-02,3.499472808305036098e-02
6.250000000000000000e-01,-1.486573725942756719e+00,-5.971000000000000751e-01,3.217170000000000446e-02,3.734481000492266556e-02,3.269666587230261878e-02,3.819697194453058886e-02
6.500000000000000222e-01,-7.719747932360518927e-01,-3.618999999999999995e-01,3.430769999999999653e-02,4.044451475646460015e-02,3.494339161144884021e-02,4.147979068810735137e-02
6.750000000000000444e-01,-1.482196139499158682e-01,-6.259999999999998899e-02,3.690170000000000949e-02,4.416555672171650765e-02,3.726678300436162689e-02,4.482859812513516340e-02
7.000000000000000666e-01,-5.885263873939623469e-01,1.008999999999999897e-01,3.921739999999999948e-02,4.743106775219790155e-02,3.967336837738987682e-02,4.822982457834235070e-02
7.250000000000000888e-01,-5.904926773917275329e-02,3.497999999999999998e-01,4.159680000000000322e-02,5.071926806295522228e-02,4.216943004267730000e-02,5.167128866461732223e-02
7.500000000000000000e-01,-1.600773235672836026e-01,4.873999999999999444e-01,4.404960000000000125e-02,5.402492166623248243e-02,4.476061702246250662e-02,5.514245123186010955e-02
7.750000000000000222e-01,-1.526422255363505953e-01,5.832999999999999297e-01,4.704110000000000236e-02,5.793271386144778490e-02,4.745157771005301811e-02,5.863453431182651804e-02
8.000000000000000444e-01,5.604505759608553461e-01,7.193999999999999284e-01,4.971850000000000575e-02,6.131690728106478638e-02,5.024562826690984890e-02,6.214049966188563145e-02
8.250000000000000666e-01,-1.829605945812467771e-01,6.618999999999999329e-01,5.247140000000000137e-02,6.469237405442181121e-02,5.314446990885651756e-02,6.565489734394854004e-02
8.500000000000000888e-01,1.094135801729965579e-01,6.600999999999999091e-01,5.530530000000000168e-02,6.805911418151888714e-02,5.614796562435392380e-02,6.917360991890586508e-02
8.750000000000000000e-01,4.762536127649293349e-01,5.603000000000000203e-01,5.874870000000000092e-02,7.200879427878204009e-02,5.925398440310856996e-02,7.269352709554897929e-02
9.000000000000000222e-01,-7.413498057769365435e-01,3.606999999999999651e-01,6.181289999999999701e-02,7.541044099091900876e-02,6.245831813789827491e-02,7.621218797085947683e-02
9.250000000000000444e-01,-4.712805174135236697e-01,2.493999999999999551e-01,6.494129999999999348e-02,7.879114375203201404e-02,6.575467205351669120e-02,7.972742650861493197e-02
9.500000000000000666e-01,-1.055825665693698456e-01,7.109999999999995490e-02,6.813239999999999574e-02,8.214741190361710133e-02,6.913472409438893573e-02,8.323705340795603536e-02
9.750000000000000888e-01,-6.840112759957499566e-01,-1.969000000000000750e-01,7.196370000000000544e-02,8.607440272060434827e-02,7.258824434274405157e-02,8.673860343126671424e-02
1.000000000000000000e+00,-4.680185538728068306e-02,-3.194000000000000172e-01,7.532880000000000131e-02,8.944812416470938887e-02,7.610326452809555720e-02,9.022916954748154417e-02
1.025000000000000133e+00,-1.699744602712901953e+00,-5.606000000000000982e-01,7.928630000000000400e-02,9.333846306740474497e-02,7.966629007119993555e-02,9.370533337687020348e-02
1.050000000000000044e+00,-1.100146401207728886e+00,-6.139000000000000012e-01,8.212919999999999943e-02,9.609259262705180382e-02,8.326255037630715672e-02,9.716318795735921776e-02
1.074999999999999956e+00,-8.219764257718527034e-01,-6.891999999999999238e-01,8.615319999999999923e-02,9.994453428620328483e-02,8.687628409577025090e-02,1.005984387886340176e-01
1.100000000000000089e+00,-2.024865442836754070e+00,-7.507000000000000339e-01,8.962699999999999834e-02,1.032362252554645948e-01,9.049105346634514491e-02,1.040065657848960184e-01
1.125000000000000000e+00,-1.115764986577239659e+00,-6.219999999999999973e-01,9.307130000000000958e-02,1.064825376641740512e-01,9.409007694540530431e-02,1.073830301712763724e-01
1.150000000000000133e+00,-1.320941404341712699e+00,-6.462999999999999856e-01,9.647490000000000232e-02,1.096817261830796558e-01,9.765656533627078972e-02,1.107235112985308356e-01
1.175000000000000044e+00,-6.513205906306109849e-01,-3.753000000000000780e-01,1.009745000000000087e-01,1.139158949484179034e-01,1.011740461780563094e-01,1.140241554044138517e-01
1.200000000000000178e+00,-6.985189454890605720e-01,-1.938000000000000833e-01,1.042995000000000033e-01,1.170609782605116639e-01,1.046266652587865553e-01,1.172818116930647026e-01
1.225000000000000089e+00,-5.339995620849108393e-01,6.159999999999998810e-02,1.070014000000000104e-01,1.196353389072033063e-01,1.079994607667917050e-01,1.204942239526074765e-01
1.250000000000000000e+00,-3.330375056851369586e-01,3.481999999999999540e-01,1.101556999999999953e-01,1.226757024641774441e-01,1.112786107916182432e-01,1.236601435937215027e-01
1.275000000000000133e+00,1.129060054661089829e+00,7.901000000000000245e-01,1.142369999999999913e-01,1.266847237560083939e-01,1.144516553482617799e-01,1.267793366738935446e-01
1.300000000000000044e+00,1.054754113121472603e+00,1.048599999999999977e+00,1.171905000000000030e-01,1.296570194721547442e-01,1.175076902665716932e-01,1.298524720887531958e-01
1.325000000000000178e+00,1.538108500444805182e+00,1.416399999999999881e+00,1.195525999999999950e-01,1.320865177909308630e-01,1.204375258415474742e-01,1.328808947499474924e-01
1.350000000000000089e+00,2.368089689778480000e+00,1.728200000000000180e+00,1.231436000000000058e-01,1.359018075357904531e-01,1.232338014350025657e-01,1.358663007833696423e-01
1.375000000000000000e+00,2.591652949945353335e+00,1.963400000000000034e+00,1.252764000000000100e-01,1.382527660382268098e-01,1.258910488283819795e-01,1.388103401677959481e-01
1.400000000000000133e+00,2.503612248091523718e+00,2.241800000000000015e+00,1.277063999999999977e-01,1.410226035611418238e-01,1.284057004553318948e-01,1.417141771590141874e-01
1.425000000000000044e+00,2.856791968666672510e+00,2.291999999999999815e+00,1.299989000000000006e-01,1.437453171942529861e-01,1.307760418503784439e-01,1.445780416324654594e-01
1.450000000000000178e+00,3.526166467685257100e+00,2.388199999999999878e+00,1.325243000000000115e-01,1.468956364941027271e-01,1.330021100972642034e-01,1.474008054001372525e-01
1.475000000000000089e+00,2.922214231984415544e+00,2.407700000000000173e+00,1.345698999999999923e-01,1.495816982129219985e-01,1.350855423366974506e-01,1.501796166051038439e-01
1.500000000000000000e+00,3.088573892885020822e+00,2.270299999999999763e+00,1.368166000000000104e-01,1.526918749399759079e-01,1.370293809077835212e-01,1.529096226499541133e-01
1.525000000000000133e+00,2.743849343179946221e+00,2.064799999999999969e+00,1.383214000000000110e-01,1.548752818342208071e-01,1.388378438082255029e-01,1.555838073514667630e-01
1.550000000000000044e+00,2.461626288505926574e+00,1.840599999999999792e+00,1.400017000000000067e-01,1.574164812251245549e-01,1.405160700801315055e-01,1.581929603730279077e-01
1.575000000000000178e+00,2.199528749662742477e+00,1.441899999999999959e+00,1.422791999999999946e-01,1.610607287032887192e-01,1.420698494348176522e-01,1.607257876899919058e-01
1.600000000000000089e+00,1.630390875666356543e+00,1.117900000000000116e+00,1.438702999999999788e-01,1.637502810806119591e-01,1.435053443909595772e-01,1.631691639835942675e-01
1.625000000000000000e+00,1.311325916575389883e+00,8.301999999999999380e-01,1.451002000000000125e-01,1.659075080360769838e-01,1.448288122160265590e-01,1.655085221508603155e-01
1.650000000000000133e+00,1.140322942249007099e+00,5.245999999999999552e-01,1.462024999999999852e-01,1.678971833833504956e-01,1.460463341988325059e-01,1.677283682961258349e-01
1.675000000000000044e+00,7.009405692526472498e-01,3.818999999999999617e-01,1.470416999999999974e-01,1.694452904298694995e-01,1.471635617832590115e-01,1.698128998418902968e-01
1.700000000000000178e+00,8.041656341581557843e-01,2.741999999999999438e-01,1.478301000000000198e-01,1.709235843063086902e-01,1.481854916804567213e-01,1.717466911427117104e-01
1.725000000000000089e+00,5.156010899363312472e-01,1.649999999999999800e-01,1.487278999999999962e-01,1.726200443392471584e-01,1.491162830485425195e-01,1.735153991982306687e-01
1.750000000000000000e+00,2.011412681494934296e-01,1.436999999999999944e-01,1.495731000000000144e-01,1.742187659340739547e-01,1.499591277959422542e-01,1.751064356728780358e-01
1.775000000000000133e+00,4.026360265061598165e-01,1.656999999999999584e-01,1.503535000000000010e-01,1.756796065179932198e-01,1.507161804116088355e-01,1.765095531260138517e-01
1.800000000000000044e+00,5.489353546067358147e-01,2.273999999999999910e-01,1.511690000000000256e-01,1.771736083577003795e-01,1.513885481676508493e-01,1.777173028952112044e-01
1.825000000000000178e+00,5.518512949145500945e-01,3.594999999999999307e-01,1.517792000000000030e-01,1.782522218354328780e-01,1.519763378587070668e-01,1.787253355504470065e-01
1.850000000000000089e+00,6.614690903067271810e-01,5.171000000000000041e-01,1.523785000000000001e-01,1.792592768138335790e-01,1.524787520559117704e-01,1.795325277656797114e-01
1.875000000000000000e+00,1.465798042049499372e+00,8.058999999999999497e-01,1.528558999999999890e-01,1.799992964166791942e-01,1.528942254964202885e-01,1.801409303264727146e-01
1.900000000000000133e+00,1.522066845019243164e+00,1.105299999999999949e+00,1.531249000000000082e-01,1.803727968766059842e-01,1.532205897914197812e-01,1.805555420276441225e-01
1.925000000000000044e+00,1.477390373945553392e+00,1.401699999999999946e+00,1.533680000000000043e-01,1.806590308739330630e-01,1.534552519091209599e-01,1.807839251326245900e-01
1.950000000000000178e+00,2.233517865366193345e+00,1.724899999999999878e+00,1.535224000000000033e-01,1.807777132630686567e-01,1.535953696491707821e-01,1.808356902189663939e-01
1.975000000000000089e+00,3.208398115393205074e+00,2.032399999999999984e+00,1.535881000000000052e-01,1.807131360807448794e-01,1.536380071602018726e-01,1.807218892560389367e-01
2.000000000000000000e+00,2.096925390551208856e+00,2.260899999999999910e+00,1.535459000000000129e-01,1.804984605827495703e-01,1.535802568236024068e-01,1.804543617430375835e-01
2.024999999999999911e+00,3.604352653473275936e+00,2.448100000000000165e+00,1.534128000000000158e-01,1.801528853908546945e-01,1.534193199666984420e-01,1.800450781412930024e-01
2.050000000000000266e+00,3.064669072708148700e+00,2.527899999999999814e+00,1.531842000000000203e-01,1.796833918220682169e-01,1.531525451303684393e-01,1.795055201166360082e-01
2.075000000000000178e+00,3.857144430066776764e+00,2.583099999999999952e+00,1.527882000000000129e-01,1.789835147920185165e-01,1.527774262226716806e-01,1.788461319146323336e-01
2.100000000000000089e+00,3.252947306867348676e+00,2.545599999999999863e+00,1.523375000000000146e-01,1.782644391401968509e-01,1.522915634313715960e-01,1.780758733488020384e-01
2.125000000000000000e+00,3.635803983445363485e+00,2.432300000000000129e+00,1.516875000000000029e-01,1.773062533808519303e-01,1.516925896073967883e-01,1.772019014220189981e-01
2.149999999999999911e+00,3.078631017232634992e+00,2.230999999999999872e+00,1.511365000000000069e-01,1.765452898269824211e-01,1.509780672884951380e-01,1.762294009790060234e-01
2.175000000000000266e+00,2.471502962313913976e+00,1.973799999999999777e+00,1.502307000000000226e-01,1.753671925818862665e-01,1.501453678382984602e-01,1.751615716823422819e-01
2.200000000000000178e+00,2.771274454881715865e+00,1.743799999999999795e+00,1.491580999999999879e-01,1.740512143258825251e-01,1.491915516204797842e-01,1.739997607396638890e-01
2.225000000000000089e+00,2.471072153615874178e+00,1.463200000000000056e+00,1.482932999999999890e-01,1.730336873719698076e-01,1.481132719037899226e-01,1.727437153902033340e-01
2.250000000000000000e+00,1.765105392529590533e+00,1.244099999999999984e+00,1.471575999999999995e-01,1.717421437254940120e-01,1.469067225705165680e-01,1.713919225948014047e-01
2.274999999999999911e+00,1.992491857729583815e+00,1.046000000000000041e+00,1.456870000000000109e-01,1.701312048259032428e-01,1.455676423018714694e-01,1.699420052248221957e-01
2.300000000000000266e+00,1.716634467469662306e+00,8.645000000000000462e-01,1.442921000000000065e-01,1.686546562787160364e-01,1.440913802962551227e-01,1.683911474757436855e-01
2.325000000000000178e+00,1.314405820468654174e+00,7.845999999999999641e-01,1.427805000000000046e-01,1.670960772566851271e-01,1.424730245258019889e-01,1.667365203809530738e-01
2.350000000000000089e+00,1.222899706442958756e+00,7.460999999999999854e-01,1.411406000000000049e-01,1.654484864428024671e-01,1.407075927806052118e-01,1.649756714351125475e-01
2.375000000000000000e+00,1.625572586318087431e+00,8.231999999999999318e-01,1.390353000000000006e-01,1.633855072669451736e-01,1.387902853000977377e-01,1.631068385901259521e-01
2.400000000000000355e+00,1.343894760590050863e+00,9.178999999999999382e-01,1.370651999999999981e-01,1.615005516747912984e-01,1.367167922208860631e-01,1.611291563909506563e-01
2.425000000000000266e+00,1.756621715715344312e+00,1.145599999999999952e+00,1.346014000000000099e-01,1.591914810744028130e-01,1.344836401020388927e-01,1.590427406459719861e-01
2.450000000000000178e+00,2.024629608147773485e+00,1.339499999999999913e+00,1.323368000000000044e-01,1.571127939352775227e-01,1.320885534254062910e-01,1.568486595208966605e-01
2.475000000000000089e+00,2.087646670916116332e+00,1.684699999999999864e+00,1.299072000000000005e-01,1.549224057240246866e-01,1.295308028998533034e-01,1.545488137724683464e-01
2.500000000000000000e+00,2.662097175039769503e+00,1.933300000000000018e+00,1.268752000000000213e-01,1.522363440052053873e-01,1.268115133655980387e-01,1.521457527910796137e-01
2.525000000000000355e+00,3.134727005419975843e+00,2.192099999999999937e+00,1.246059999999999945e-01,1.502519046456878560e-01,1.239339080540618476e-01,1.496424492777330140e-01
2.550000000000000266e+00,3.833743864515826605e+00,2.450499999999999901e+00,1.212780999999999998e-01,1.473808380261571738e-01,1.209034705079790883e-01,1.470420506599215416e-01
2.575000000000000178e+00,3.246280234030530121e+00,2.751100000000000101e+00,1.182620000000000060e-01,1.448082227087175433e-01,1.177280098189008722e-01,1.443476249795417610e-01
2.600000000000000089e+00,4.151752265827870048e+00,2.931300000000000239e+00,1.145715000000000067e-01,1.416875740061516731e-01,1.144176193691571891e-01,1.415619234909157031e-01
2.625000000000000000e+00,3.754380583709777230e+00,3.056200000000000028e+00,1.107585999999999987e-01,1.384761681824820956e-01,1.109845242462347420e-01,1.386871878391625346e-01
2.650000000000000355e+00,3.909038971407405860e+00,3.038800000000000168e+00,1.073908999999999975e-01,1.356434988064952885e-01,1.074428180376692243e-01,1.357250312351241384e-01
2.675000000000000266e+00,4.504711999929307709e+00,3.003500000000000281e+00,1.039386999999999950e-01,1.327322896141687747e-01,1.038080960421179644e-01,1.326764177404053946e-01
2.700000000000000178e+00,4.078244070184743997e+00,2.902299999999999880e+00,1.010250000000000037e-01,1.302609033933447846e-01,1.000969990390778858e-01,1.295417526021251931e-01
2.725000000000000089e+00,3.423250763083347525e+00,2.721300000000000274e+00,9.748229999999999396e-02,1.272275211533786532e-01,9.632668913731055882e-02,1.263210818859842044e-01
2.750000000000000000e+00,3.510811029619102630e+00,2.420100000000000140e+00,9.386950000000000849e-02,1.240946551460488240e-01,9.251428595562521950e-02,1.230143842864697828e-01
2.775000000000000355e+00,2.487370687544793846e+00,1.945500000000000007e+00,8.956390000000000184e-02,1.202933280352051632e-01,8.867629616365481360e-02,1.196219266807435899e-01
2.800000000000000266e+00,3.115773621615145483e+00,1.691399999999999793e+00,8.581249999999999989e-02,1.169091346155881755e-01,8.482807088564872644e-02,1.161446520324909276e-01
2.825000000000000178e+00,1.850875234301580852e+00,1.228899999999999881e+00,8.204430000000000056e-02,1.134376747333714491e-01,8.098332339478225839e-02,1.125845721000644228e-01
2.850000000000000089e+00,1.360423445127310060e+00,9.254999999999999893e-01,7.831790000000000973e-02,1.099278176076108476e-01,7.715373525488430917e-02,1.089451409481223682e-01
2.875000000000000000e+00,1.353165543752630651e+00,6.692000000000000171e-01,7.463989999999999514e-02,1.063795632383063849e-01,7.334867421553792344e-02,1.052315832181277139e-01
2.900000000000000355e+00,6.801716428703388218e-01,3.323999999999999733e-01,7.037309999999999399e-02,1.021523757899761159e-01,6.957504176879016067e-02,1.014511455338468898e-01
2.925000000000000266e+00,-1.145335072834043205e-01,1.204999999999999266e-01,6.673719999999999652e-02,9.845925909275611565e-02,6.583726100622887267e-02,9.761323716074314649e-02
2.950000000000000178e+00,1.665903434723674525e-01,1.400000000000000550e-02,6.315919999999999868e-02,9.475217976152014443e-02,6.213740571855925349e-02,9.372943208644579638e-02
2.975000000000000089e+00,3.565969352508607249e-01,-1.388000000000000345e-01,5.905069999999999764e-02,9.040980058255827789e-02,5.847546106721712711e-02,8.981331839210521251e-02
3.000000000000000000e+00,3.432215268367337646e-02,-1.649000000000000465e-01,5.556520000000000209e-02,8.666955999553441203e-02,5.484969713278971259e-02,8.588019726857573644e-02
3.025000000000000355e+00,-4.281362997904886725e-01,-1.965000000000000080e-01,5.213140000000000135e-02,8.294677270103051336e-02,5.125713059021086426e-02,8.194664829702970332e-02
3.050000000000000266e+00,8.088471859204713343e-01,-1.234000000000000652e-01,4.873670000000000085e-02,7.924492935755053646e-02,4.769404612360346463e-02,7.802998765037438833e-02
3.075000000000000178e+00,-2.295119681900042174e-01,-8.660000000000002418e-02,4.477979999999999461e-02,7.492873011736855826e-02,4.415654656714027015e-02,7.414765262354636177e-02
3.100000000000000089e+00,-1.044172803599069778e-03,9.249999999999997113e-02,4.138830000000000287e-02,7.124608539566051890e-02,4.064109824607311378e-02,7.031655094502337056e-02
3.125000000000000000e+00,8.325288162707407125e-01,2.560999999999999943e-01,3.803220000000000212e-02,6.763325384403226503e-02,3.714503574677936737e-02,6.655241689122383397e-02
3.150000000000000355e+00,1.060431215095785085e+00,4.592999999999999305e-01,3.470860000000000611e-02,6.410245276724774177e-02,3.366698982138786878e-02,6.286921701994895029e-02
3.175000000000000266e+00,3.155198677886736913e-01,5.796000000000000041e-01,3.138800000000000617e-02,6.063273821428301347e-02,3.020720582043208424e-02,5.927864490218778815e-02
3.200000000000000178e+00,1.524514564155117435e+00,8.548999999999999932e-01,2.694429999999999742e-02,5.609662748834974566e-02,2.676772956879653817e-02,5.578973666515245344e-02
3.225000000000000089e+00,1.307388634884061762e+00,9.801999999999999602e-01,2.362460000000000254e-02,5.278922855582048740e-02,2.335245136911670918e-02,5.240862942641112687e-02
3.250000000000000000e+00,5.220020294726879229e-01,1.103199999999999958e+00,2.036169999999999994e-02,4.960749332943482914e-02,1.996701220879486954e-02,4.913847532992698941e-02
3.275000000000000355e+00,1.685999405383017180e+00,1.243199999999999861e+00,1.662050000000000680e-02,4.604178566761041314e-02,1.661858497869243140e-02,4.597951665390755810e-02
3.300000000000000266e+00,2.135112802789930875e+00,1.225800000000000001e+00,1.398630000000000012e-02,4.358261675155040288e-02,1.331554729818834951e-02,4.292932221146324168e-02
3.325000000000000178e+00,1.912329218683207932e+00,1.192699999999999871e+00,1.038150000000000357e-02,4.027172716051715534e-02,1.006706508227746440e-02,3.998317913826129888e-02
3.350000000000000089e+00,1.095391417161751368e+00,1.022899999999999920e+00,7.361900000000005419e-03,3.754203221039802835e-02,6.882610913289032017e-03,3.713462342986367792e-02
3.375000000000000000e+00,1.512884926038877920e+00,8.692999999999999616e-01,3.894300000000001146e-03,3.443883680035211142e-02,3.771448748562404498e-03,3.437607694536413266e-02
3.400000000000000355e+00,3.200459328879193266e-01,5.842999999999999305e-01,9.835999999999955022e-04,3.184876819039252765e-02,7.421238945668666778e-04,3.169954270023019743e-02
3.425000000000000266e+00,6.704214335412864156e-02,4.173999999999999932e-01,-1.371200000000001671e-03,2.975437308799933067e-02,-2.197998590764222750e-03,2.909730067468664291e-02
3.450000000000000178e+00,2.922516573303428067e-01,1.496999999999999442e-01,-4.111099999999993405e-03,2.731265746445926332e-02,-5.043105469273434331e-03,2.656254731772391547e-02
3.475000000000000089e+00,-6.771271841003714265e-01,-1.738000000000000655e-01,-7.212599999999995230e-03,2.452536664902432023e-02,-7.789183880744935187e-03,2.408993300199030810e-02
3.500000000000000000e+00,-8.698439791972392143e-01,-4.201000000000000290e-01,-1.020830000000000869e-02,2.180090768666117368e-02,-1.043412798373910891e-02,2.167596798542598818e-02
3.525000000000000355e+00,-9.751228541949044093e-01,-6.421999999999999931e-01,-1.226130000000000622e-02,1.991420676525530037e-02,-1.297770013166587091e-02,1.931928272163932481e-02
3.550000000000000266e+00,-6.664629416748976132e-01,-6.575000000000000844e-01,-1.501849999999998846e-02,1.734682743557163995e-02,-1.542135530011270149e-02,1.702073895601140599e-02
3.575000000000000178e+00,-1.871639720153595920e+00,-8.517000000000000126e-01,-1.766870000000000246e-02,1.484577061746376707e-02,-1.776794468963813212e-02,1.478339424036114076e-02
3.600000000000000089e+00,-8.500187623363771872e-01,-8.619999999999999885e-01,-1.985589999999999231e-02,1.276010216133054327e-02,-2.002131793895423062e-02,1.261232723621307991e-02
3.625000000000000000e+00,3.806281323084995116e-02,-7.639000000000001345e-01,-2.160530000000000089e-02,1.108458607941598638e-02,-2.218584667760132786e-02,1.051433797282574217e-02
3.650000000000000355e+00,-1.365858129936887932e+00,-8.013000000000000123e-01,-2.362270000000001036e-02,9.149015938954275368e-03,-2.426589815837039074e-02,8.497547966059653540e-03
3.675000000000000266e+00,-4.608728330258852757e-01,-6.602000000000000091e-01,-2.588839999999999197e-02,6.983062337229313001e-03,-2.626529621821460311e-02,6.570937820585414507e-03
3.700000000000000178e+00,4.233179234531743718e-01,-4.643000000000000460e-01,-2.807380000000000639e-02,4.918337832120020514e-03,-2.818681368225633282e-02,4.743868710132244718e-03
3.725000000000000089e+00,-1.239510006378272466e+00,-2.923000000000000043e-01,-2.957949999999999816e-02,3.520329101272562378e-03,-3.003173992016730173e-02,3.025632917455199807e-03
3.750000000000000000e+00,-9.587098851724883131e-02,-1.490000000000002781e-02,-3.130660000000000387e-02,1.947787445225671954e-03,-3.179955741489628313e-02,1.425066761987627082e-03
3.775000000000000355e+00,3.522128214201275531e-01,1.912999999999999701e-01,-3.321100000000001135e-02,2.687807048071267626e-04,-3.348774622684672075e-02,-4.975663372973424675e-05
3.800000000000000266e+00,4.400345740028035468e-01,3.974999999999999645e-01,-3.475530000000000286e-02,-1.040216234188620376e-03,-3.509172272508588597e-02,-1.391748245826570632e-03
3.825000000000000178e+00,5.285568149766229906e-01,5.778999999999999693e-01,-3.620639999999999969e-02,-2.216568150032798609e-03,-3.660491291393221103e-02,-2.594933928775595283e-03
3.850000000000000089e+00,3.399490866729721339e-01,5.802999999999999270e-01,-3.756139999999999479e-02,-3.260275042725407392e-03,-3.801895851893290212e-02,-3.654490325677571972e-03
3.875000000000000000e+00,1.164826119521937597e+00,7.510000000000000009e-01,-3.902560000000000057e-02,-4.314453910929982698e-03,-3.932405007093700555e-02,-4.566683412173196815e-03
3.900000000000000355e+00,9.070262649548974654e-01,6.792000000000000259e-01,-4.017339999999998412e-02,-5.075417464799510114e-03,-4.050937224413109911e-02,-5.328715502013699201e-03
3.925000000000000266e+00,6.514904270247994234e-01,6.427999999999999270e-01,-4.120230000000001114e-02,-5.698500007761486338e-03,-4.156363402114757882e-02,-5.938498987030593930e-03
3.950000000000000178e+00,7.744468239789380481e-01,5.871999999999999442e-01,-4.210069999999999091e-02,-6.178465552059926591e-03,-4.247564455651932358e-02,-6.394387357122284510e-03
3.975000000000000089e+00,3.411241956641548612e-01,4.143999999999999906e-01,-4.286480000000000151e-02,-6.513568768442837102e-03,-4.323488969142828126e-02,-6.694901812687547096e-03
4.000000000000000000e+00,-2.836726489207662683e-01,1.517999999999999905e-01,-4.357749999999998430e-02,-6.719517620178168740e-03,-4.383206579905847555e-02,-6.838492496602541909e-03
4.025000000000000355e+00,-3.259243113639452294e-01,-5.120000000000003021e-02,-4.402729999999999838e-02,-6.738716241950106281e-03,-4.425953509647544137e-02,-6.823367254797511536e-03
4.049999999999999822e+00,-4.618232636195360175e-01,-3.680999999999999828e-01,-4.435339999999999422e-02,-6.576400621514634504e-03,-4.451167603488247193e-02,-6.647410326478266594e-03
4.075000000000000178e+00,-1.321158257896269728e+00,-6.754000000000001114e-01,-4.445509999999999046e-02,-6.274458660919614295e-03,-4.458511112412976568e-02,-6.308201695025489678e-03
4.100000000000000533e+00,-9.919268010632825705e-01,-8.845999999999999419e-01,-4.439390000000000003e-02,-5.818927726149094627e-03,-4.447880203611453975e-02,-5.803137037214986180e-03
4.125000000000000000e+00,-1.474364245579196542e+00,-1.128699999999999815e+00,-4.417470000000000424e-02,-5.216789134211050581e-03,-4.419400914922123197e-02,-5.129638087622386509e-03
4.150000000000000355e+00,-1.668550613722111553e+00,-1.371999999999999886e+00,-4.371680000000000704e-02,-4.317944569433971105e-03,-4.373412086817143191e-02,-4.285433516480504149e-03
4.174999999999999822e+00,-1.619316212306674885e+00,-1.618799999999999795e+00,-4.325389999999999097e-02,-3.537782393792505715e-03,-4.310436680688290584e-02,-3.268883304400654628e-03
4.200000000000000178e+00,-2.897082014157432273e+00,-1.532200000000000006e+00,-4.228020000000001083e-02,-2.040289895581371468e-03,-4.231143703143436935e-02,-2.079317703051999661e-03
4.225000000000000533e+00,-2.128606199703665602e+00,-1.578699999999999992e+00,-4.153720000000001022e-02,-9.564404300928926400e-04,-4.136303596495496254e-02,-7.173644515459233310e-04
4.250000000000000000e+00,-2.632311395581490299e+00,-1.650500000000000078e+00,-4.034829999999999667e-02,7.243116395776467552e-04,-4.026740370249169698e-02,8.147586999370909876e-04
4.275000000000000355e+00,-2.953592814618911433e+00,-1.648200000000000109e+00,-3.919260000000000105e-02,2.323033234404452401e-03,-3.903283923151562584e-02,2.513008325920084926e-03
4.299999999999999822e+00,-2.204746075389068416e+00,-1.536699999999999733e+00,-3.769059999999999078e-02,4.368559117741806913e-03,-3.766725976085202182e-02,4.371361382097989356e-03
4.325000000000000178e+00,-3.187934214803943345e+00,-1.510299999999999976e+00,-3.628919999999999368e-02,6.255260039147676754e-03,-3.617782831221768441e-02,6.381770812966600440e-03
4.350000000000000533e+00,-2.411481440182687397e+00,-1.251199999999999868e+00,-3.503850000000000020e-02,7.923794804054256832e-03,-3.457067726084995379e-02,8.534255291826605555e-03
4.375000000000000000e+00,-1.462692592279656978e+00,-1.117599999999999927e+00,-3.286429999999998519e-02,1.079311609433293226e-02,-3.285074769603919115e-02,1.081713410026445554e-02
4.400000000000000355e+00,-2.225321376593983658e+00,-1.009500000000000064e+00,-3.140440000000001286e-02,1.269727030825874847e-02,-3.102175388872085299e-02,1.321739789503260237e-02
4.424999999999999822e+00,-1.773214824485759733e+00,-7.377000000000001334e-01,-2.925890000000001129e-02,1.545838118491377720e-02,-2.908627115042842007e-02,1.572118820474692827e-02
4.450000000000000178e+00,-1.218989011017918234e+00,-5.982999999999999430e-01,-2.698750000000001148e-02,1.832595714594046146e-02,-2.704593618922167264e-02,1.831434947396090931e-02
4.475000000000000533e+00,-1.089173346422370070e+00,-4.079000000000000403e-01,-2.493750000000000133e-02,2.086366587834021652e-02,-2.490174209619052184e-02,2.098301655782891864e-02
4.500000000000000000e+00,-7.722333464975517092e-01,-2.095000000000000195e-01,-2.280860000000001220e-02,2.344326251278783246e-02,-2.265440428080391783e-02,2.371420236781982688e-02
4.525000000000000355e+00,-1.097495087579577477e+00,-1.318000000000000282e-01,-2.096590000000000606e-02,2.563016006553672788e-02,-2.030476836492517423e-02,2.649635094239537192e-02
4.549999999999999822e+00,-2.668909290870473128e-01,2.979999999999993765e-02,-1.825710000000000874e-02,2.876651673137054291e-02,-1.785422686535343209e-02,2.931982076266938936e-02
4.575000000000000178e+00,-3.466350294710049962e-01,1.837999999999999634e-01,-1.580740000000000270e-02,3.152762760802556991e-02,-1.530510975247313665e-02,3.217726398037656921e-02
4.600000000000000533e+00,-9.954128326729495546e-01,2.516999999999999793e-01,-1.282550000000000530e-02,3.480535594327092280e-02,-1.266101584122419216e-02,3.506387141086948767e-02
4.625000000000000000e+00,-1.741473972915264790e-01,3.424999999999999711e-01,-1.064500000000001036e-02,3.715282378720329015e-02,-9.927057692961840235e-03,3.797746161196815379e-02
4.650000000000000355e+00,-6.803961875489821232e-01,3.033999999999999475e-01,-7.520099999999999181e-03,4.045498673197656103e-02,-7.110000934895614917e-03,4.091840449699815641e-02
4.674999999999999822e+00,-3.813116433277948802e-01,2.876999999999999558e-01,-4.286000000000001614e-03,4.381125488356166220e-02,-4.218287368708242141e-03,4.388938369973063858e-02
4.700000000000000178e+00,-2.034617542030827120e-01,2.050999999999999490e-01,-9.658000000000015748e-04,4.721813758345459050e-02,-1.261938551879030314e-03,4.689501537071751047e-02
4.725000000000000533e+00,-3.701737602964103591e-01,9.579999999999995464e-02,1.426400000000001061e-03,4.966334386549864366e-02,1.747657012600024439e-03,4.994135277997720918e-02
4.750000000000000000e+00,-2.968728914149837417e-01,6.350000000000001477e-02,3.828000000000002841e-03,5.211902212305467158e-02,4.798063247245017843e-03,5.303531386133474024e-02
4.775000000000000355e+00,-4.600194409190104250e-01,-1.909000000000000696e-01,7.699299999999993996e-03,5.610360880535772421e-02,7.876205080255395050e-03,5.618407055057774574e-02
4.800000000000000711e+00,-2.381805097078562306e-01,-2.044000000000000261e-01,1.015699999999999589e-02,5.866749747653739883e-02,1.096884133195158949e-02,5.939443538019394120e-02
4.825000000000000178e+00,-8.371681708316855985e-01,-3.797000000000000375e-01,1.311879999999999297e-02,6.180385414237120345e-02,1.406307134159187101e-02,6.267227647159892556e-02
4.850000000000000533e+00,-8.396270916352071012e-01,-4.655000000000001359e-01,1.607609999999999595e-02,6.500129733202480997e-02,1.714684250891254993e-02,6.602199037221574696e-02
4.875000000000000000e+00,-8.148893308285430903e-01,-4.395000000000001128e-01,1.952849999999999378e-02,6.883927635716034776e-02,2.020942688801632969e-02,6.944606299097688673e-02
4.900000000000000355e+00,-1.933090803743116703e+00,-5.272999999999999909e-01,2.247589999999999658e-02,7.221299780126538836e-02,2.324183777431719500e-02,7.294474892721727888e-02
4.925000000000000711e+00,-6.052892940048565373e-01,-4.166999999999999593e-01,2.537350000000000716e-02,7.562686181816628828e-02,2.623716084240158494e-02,7.651589469443711988e-02
4.950000000000000178e+00,-5.409024043431561735e-01,-4.093999999999999861e-01,2.821949999999999806e-02,7.908086840786306138e-02,2.919077887188856538e-02,8.015491931869758724e-02
4.975000000000000533e+00,-1.360139928432522405e+00,-3.840999999999999970e-01,3.103740000000000665e-02,8.260468816763961997e-02,3.210047477549693440e-02,8.385494811128370307e-02
5.000000000000000000e+00,-2.366115155216926783e-03,-1.068999999999999811e-01,3.430629999999999097e-02,8.681965831120593002e-02,3.496640421128430209e-02,8.760707783763858891e-02
5.025000000000000355e+00,-1.231210063726693393e+00,-8.569999999999998452e-02,3.708190000000000791e-02,9.049532171590597696e-02,3.779093607465315585e-02,9.140074053329858006e-02
5.050000000000000711e+00,-6.025661962998124510e-01,1.370999999999999441e-01,3.980240000000000861e-02,9.417098512060603777e-02,4.057836724904979181e-02,9.522413118280063926e-02
5.075000000000000178e+00,8.250980328364956318e-01,2.662999999999999812e-01,4.335750000000000021e-02,9.906488834319815417e-02,4.333452828144925689e-02,9.906466782157535844e-02
5.100000000000000533e+00,8.810601293260601069e-03,3.444999999999999729e-01,4.555350000000000371e-02,1.021261958511961998e-01,4.606630817516212811e-02,1.029094554391093430e-01
5.125000000000000000e+00,8.151652536314608621e-01,5.894999999999999130e-01,4.815430000000000405e-02,1.057704433293603641e-01,4.878113497632911855e-02,1.067457243659366700e-01
5.150000000000000355e+00,2.409807471334189932e-01,6.224999999999999423e-01,5.073300000000000726e-02,1.093867655394926142e-01,5.148644958862340359e-02,1.105612115229287068e-01
5.175000000000000711e+00,3.738672959232833271e-01,7.641000000000000014e-01,5.375490000000000823e-02,1.136034810123109223e-01,5.418920276350259330e-02,1.143444539982557268e-01
5.200000000000000178e+00,1.100022602060052757e+00,9.356999999999999762e-01,5.679649999999999976e-02,1.178009978633572791e-01,5.689539433005712243e-02,1.180849735627383240e-01
5.225000000000000533e+00,4.369419778427088841e-02,9.279999999999999361e-01,5.939300000000000135e-02,1.213300536108898042e-01,5.960966613792811897e-02,1.217733480377653499e-01
5.250000000000000000e+00,6.856338260625526315e-01,1.057999999999999829e+00,6.199009999999999937e-02,1.247980228346025483e-01,6.233495940532481766e-02,1.254011839431967701e-01
5.275000000000000355e+00,9.241410450049379888e-01,1.091399999999999926e+00,6.461139999999999939e-02,1.282258494855194053e-01,6.507225097057330043e-02,1.289610148840611981e-01
5.300000000000000711e+00,-3.115793094935632723e-01,1.040799999999999947e+00,6.725330000000000197e-02,1.316030615881284282e-01,6.782038510915708307e-02,1.324461485375110770e-01
5.325000000000000178e+00,3.823329895243433585e-01,1.010399999999999965e+00,6.988550000000000317e-02,1.348912618988857559e-01,7.057601303543729887e-02,1.358504786014192167e-01
5.350000000000000533e+00,4.899684047586735369e-01,9.282999999999999030e-01,7.294370000000001408e-02,1.386105585348856584e-01,7.333364154424390491e-02,1.391682757485468436e-01
5.375000000000000000e+00,5.317682574120572436e-01,7.339999999999999858e-01,7.601339999999999486e-02,1.422356073912778851e-01,7.608578081312097896e-02,1.423939760097636120e-01
5.400000000000000355e+00,1.161255983935700398e+00,6.572000000000000064e-01,7.820420000000000149e-02,1.447610988189136916e-01,7.882317398903421202e-02,1.455219913485632510e-01
5.425000000000000711e+00,3.340647188776309506e-01,4.763999999999999346e-01,8.079820000000001445e-02,1.476880159745081744e-01,8.153508840475343078e-02,1.485465693538139398e-01
5.450000000000000178e+00,-4.056690263992747125e-01,4.824999999999999845e-01,8.377020000000000299e-02,1.509622536512495172e-01,8.420964772315270297e-02,1.514617247098561936e-01
5.475000000000000533e+00,5.229300476635617700e-01,3.679999999999999938e-01,8.669939999999999591e-02,1.541073369633433332e-01,8.683418419213703721e-02,1.542612564773318262e-01
5.500000000000000000e+00,-2.663060364679361580e-01,3.390999999999999570e-01,8.915960000000000552e-02,1.566921695855469088e-01,8.939559086301453183e-02,1.569388553163850730e-01
5.525000000000000355e+00,-4.372879810209281959e-01,3.523999999999999355e-01,9.114690000000000292e-02,1.587464221151442256e-01,9.188065606121147144e-02,1.594882951064389709e-01
5.550000000000000711e+00,7.942947350804181461e-01,4.534999999999999587e-01,9.382619999999999849e-02,1.614691357482553880e-01,9.427636622302153213e-02,1.619036943936992823e-01
5.575000000000000178e+00,3.491681356185155072e-01,5.615999999999999881e-01,9.639570000000000083e-02,1.640312790901830853e-01,9.657016692134251512e-02,1.641798253701155508e-01
5.600000000000000533e+00,2.168186230570767203e-01,7.550000000000000044e-01,9.849680000000000935e-02,1.660960035952923630e-01,9.875017476840106112e-02,1.663124422075837605e-01
5.625000000000000000e+00,8.964093408769479021e-01,9.529999999999999583e-01,1.004740000000000077e-01,1.680158657724861171e-01,1.008053360221903977e-01,1.682985962640073108e-01
5.650000000000000355e+00,1.579726636716321408e+00,1.162100000000000133e+00,1.020228000000000107e-01,1.695081222829412648e-01,1.027255327913395022e-01,1.701369027410215007e-01
5.675000000000000711e+00,1.930128950767985296e+00,1.350099999999999856e+00,1.043228000000000072e-01,1.717107277989581293e-01,1.045016442337287355e-01,1.718277234951028076e-01
5.700000000000000178e+00,1.980281507584016554e+00,1.558899999999999952e+00,1.056432000000000065e-01,1.729743461774020108e-01,1.061255746848621118e-01,1.733732370689514968e-01
5.725000000000000533e+00,2.194939440399228392e+00,1.730599999999999916e+00,1.073156000000000110e-01,1.745835397477407958e-01,1.075902601235197292e-01,1.747773806820865916e-01
5.750000000000000000e+00,2.430455030488624324e+00,1.951600000000000001e+00,1.085800999999999988e-01,1.758227235166567592e-01,1.088896597894988688e-01,1.760456659490552411e-01
5.775000000000000355e+00,2.502665357643845123e+00,2.140499999999999847e+00,1.096912000000000026e-01,1.769449702256891133e-01,1.100187356397076821e-01,1.771848836655825488e-01
5.800000000000000711e+00,2.686379374347866111e+00,2.234500000000000153e+00,1.106418000000000124e-01,1.779502798748378578e-01,1.109734221536476939e-01,1.782027188028817155e-01
5.825000000000000178e+00,3.091569374289066641e+00,2.415700000000000180e+00,1.114281000000000021e-01,1.788456337811109298e-01,1.117505921000068042e-01,1.791072960385223789e-01
5.850000000000000533e+00,2.534101147870913007e+00,2.408100000000000129e+00,1.120519999999999988e-01,1.796432492492723576e-01,1.123480266663105520e-01,1.799066739783678759e-01
5.875000000000000000e+00,3.316778009624506307e+00,2.481399999999999828e+00,1.125734999999999930e-01,1.804652993269616756e-01,1.127643977924134150e-01,1.806083083071961248e-01
5.900000000000000355e+00,2.858151047102867715e+00,2.427099999999999813e+00,1.128431000000000017e-01,1.810796552236636769e-01,1.129992663238428702e-01,1.812185124647059387e-01
5.925000000000000711e+00,2.942464517460815721e+00,2.282399999999999984e+00,1.129489999999999938e-01,1.816084899870179792e-01,1.130530937589242502e-01,1.817419554829068917e-01
5.950000000000000178e+00,2.959027556858561780e+00,2.185099999999999820e+00,1.128880000000000022e-01,1.820500582877725426e-01,1.129272605262616747e-01,1.821812431964887347e-01
5.975000000000000533e+00,2.850995982527502193e+00,1.995600000000000041e+00,1.126037000000000010e-01,1.824654466497471761e-01,1.126240816422498653e-01,1.825366255855323805e-01
6.000000000000000000e+00,2.119629684159342720e+00,1.713299999999999823e+00,1.121834999999999916e-01,1.827307366960503054e-01,1.121468116001693716e-01,1.828058596103129263e-01
6.025000000000000355e+00,2.292628602658405068e+00,1.468199999999999950e+00,1.116125000000000034e-01,1.829139962675097320e-01,1.114996334650520532e-01,1.829842388672377473e-01
6.050000000000000711e+00,1.900960860792775042e+00,1.188299999999999912e+00,1.108910999999999925e-01,1.830047533886134392e-01,1.106876306240728025e-01,1.830647850593736525e-01
6.075000000000000178e+00,1.612319966478636735e+00,9.268999999999999462e-01,1.098537000000000124e-01,1.829838094375894897e-01,1.097167416236502907e-01,1.830385851475190007e-01
6.100000000000000533e+00,1.192423779313887433e+00,7.711000000000000076e-01,1.088059999999999999e-01,1.828511644144379111e-01,1.085936979828732440e-01,1.828952521250230001e-01
6.125000000000000000e+00,1.113553932808693636e+00,6.486999999999999433e-01,1.076329999999999926e-01,1.826068183191587313e-01,1.073259425845105586e-01,1.826234841194874781e-01
6.150000000000000355e+00,1.200022002605247939e+00,5.741999999999999327e-01,1.063373999999999986e-01,1.822402991762399060e-01,1.059215248000085485e-01,1.822116923441821634e-01
6.175000000000000711e+00,1.211787304410729238e+00,5.513000000000000123e-01,1.046624000000000027e-01,1.816346699257978814e-01,1.043889703686119025e-01,1.816486613660128757e-01
6.200000000000000178e+00,1.341599989330866771e+00,6.426999999999999380e-01,1.030970000000000081e-01,1.809574821760240870e-01,1.027371290666200809e-01,1.809241976285640985e-01
6.225000000000000533e+00,1.618992471244776965e+00,7.993999999999999995e-01,1.014393000000000100e-01,1.801371774275867255e-01,1.009750083079482413e-01,1.800297193354317427e-01
6.250000000000000000e+00,1.727295698337506291e+00,1.065900000000000070e+00,9.969329999999999858e-02,1.791632837049739191e-01,9.911160263510429558e-02,1.789587456563046519e-01
6.275000000000000355e+00,1.782206358635632926e+00,1.313899999999999846e+00,9.784870000000001067e-02,1.780183477156656313e-01,9.715572684844875351e-02,1.777072543293172768e-01
6.300000000000000711e+00,2.750119617311050924e+00,1.700800000000000090e+00,9.556969999999999354e-02,1.764562780351307258e-01,9.511585655382231996e-02,1.762738904315217792e-01
6.325000000000000178e+00,2.757464554816303703e+00,2.047400000000000109e+00,9.352599999999999802e-02,1.749326055981396677e-01,9.299997716453481389e-02,1.746600221331701674e-01
6.350000000000000533e+00,3.118805117703533192e+00,2.373299999999999965e+00,9.143300000000000038e-02,1.732623255039810739e-01,9.081544206850590550e-02,1.728696497696453338e-01
6.375000000000000000e+00,3.331144089412174214e+00,2.690700000000000092e+00,8.893210000000000004e-02,1.711277878287920107e-01,8.856884176972770750e-02,1.709091821634382280e-01
6.400000000000000355e+00,3.722862497270794435e+00,2.899399999999999977e+00,8.673259999999999303e-02,1.691381124815184711e-01,8.626588675104195081e-02,1.687870994271297997e-01
6.425000000000000711e+00,3.972846157551884527e+00,3.041700000000000070e+00,8.450020000000001141e-02,1.670245187573533574e-01,8.391130694387954891e-02,1.665135255789629842e-01
6.450000000000000178e+00,3.797616190924357760e+00,3.098400000000000265e+00,8.222990000000000854e-02,1.647870066562966140e-01,8.150877031720372978e-02,1.640997387482232284e-01
6.475000000000000533e+00,3.925940287589376076e+00,3.046600000000000197e+00,7.950640000000000485e-02,1.619997158408616744e-01,7.906082265845065793e-02,1.615576525471562330e-01
6.500000000000000000e+00,4.018381484178966900e+00,2.937200000000000255e+00,7.711060000000000136e-02,1.594742244132258679e-01,7.656885039831526352e-02,1.588993078225482969e-01
6.525000000000000355e+00,3.491744046795128398e+00,2.751199999999999868e+00,7.468579999999999663e-02,1.568632118522423624e-01,7.403306835436480882e-02,1.561364155473233262e-01
6.550000000000000711e+00,3.418197001318079131e+00,2.388999999999999790e+00,7.222890000000001254e-02,1.541701688164150985e-01,7.145253426209299819e-02,1.532799859530449282e-01
6.575000000000000178e+00,3.548958565225991624e+00,2.106199999999999850e+00,6.886289999999999079e-02,1.504281829001392623e-01,6.882519178832406659e-02,1.503400669562222625e-01
6.600000000000000533e+00,2.939372775525712633e+00,1.747999999999999776e+00,6.627330000000000720e-02,1.475257003540726974e-01,6.614794371313714727e-02,1.473256010897490698e-01
6.625000000000000000e+00,2.204244027436165432e+00,1.360599999999999810e+00,6.365250000000000075e-02,1.445795845767062493e-01,6.341675739318773652e-02,1.442443991125442193e-01
6.650000000000000355e+00,1.686612061401912888e+00,9.679999999999999716e-01,6.098590000000000261e-02,1.415863449095359772e-01,6.062680504106046642e-02,1.411032208950065980e-01
6.675000000000000711e+00,8.327941223770018997e-01,6.260000000000000009e-01,5.777940000000000159e-02,1.380049292844436337e-01,5.777264084907995229e-02,1.379079473863175642e-01
6.700000000000000178e+00,1.267897948942487973e+00,3.732999999999999652e-01,5.542709999999999998e-02,1.353974073819640966e-01,5.484841504001084639e-02,1.346638198446425960e-01
6.725000000000000533e+00,1.439075932718791861e+00,1.594999999999999751e-01,5.256019999999999442e-02,1.322505787406183242e-01,5.184812210035782964e-02,1.313757158070991138e-01
6.750000000000000000e+00,6.393859385377275162e-01,4.169999999999995238e-02,4.963379999999999181e-02,1.290828061482486300e-01,4.876587794651465746e-02,1.280484284755376567e-01
6.775000000000000355e+00,3.936049298454417089e-01,-1.940000000000009078e-02,4.558480000000000171e-02,1.247823148713345931e-01,4.559621917622511816e-02,1.246869183219908445e-01
6.800000000000000711e+00,3.943720850734571126e-01,7.129999999999990512e-02,4.296800000000000619e-02,1.220578559089714465e-01,4.233441635521271312e-02,1.212965109647530515e-01
6.825000000000000178e+00,2.774027825554677973e-01,1.720999999999999752e-01,3.976980000000000098e-02,1.187888542199860564e-01,3.897679173867771990e-02,1.178830208531312651e-01
6.850000000000000533e+00,1.301268871920906234e+00,4.354999999999999982e-01,3.649890000000000773e-02,1.155198525310006941e-01,3.552102976363372827e-02,1.144527849297146543e-01
6.875000000000000000e+00,1.048689497653868763e+00,6.785999999999999810e-01,3.254850000000000798e-02,1.116731468596051796e-01,3.196646636853539558e-02,1.110125963781253972e-01
6.900000000000000355e+00,1.368194352245880374e+00,9.765999999999999126e-01,2.963760000000000699e-02,1.089067999951941618e-01,2.831434114741587099e-02,1.075695392020890456e-01
6.925000000000000711e+00,2.087599677389526232e+00,1.392900000000000027e+00,2.548709999999999865e-02,1.050566036652946789e-01,2.456799516816709356e-02,1.041307396321791284e-01
6.950000000000000178e+00,1.627575849441306843e+00,1.694799999999999862e+00,2.063440000000000066e-02,1.006915352060568508e-01,2.073299795405241994e-02,1.007030642550602317e-01
6.975000000000000533e+00,2.934302008847918586e+00,2.044599999999999973e+00,1.691039999999999557e-02,9.743475082183544744e-02,1.681719056754625227e-02,9.729279988394412548e-02
7.000000000000000000e+00,3.120234428756604395e+00,2.149000000000000021e+00,1.314790000000000750e-02,9.421810901040988950e-02,1.283063767873276508e-02,9.390534569447936408e-02
7.025000000000000355e+00,3.564342297904314893e+00,2.332699999999999996e+00,9.976200000000006243e-03,9.155822723037053412e-02,8.785487903044167032e-03,9.054494151137551516e-02
7.050000000000000711e+00,3.146652214616771470e+00,2.348300000000000054e+00,5.451300000000003539e-03,8.783718526511861968e-02,4.695746258677988526e-03,8.721445471426644835e-02
7.075000000000000178e+00,3.512355959604184896e+00,2.385199999999999765e+00,8.268999999999948917e-04,8.410392599510276013e-02,5.769650954352075096e-04,8.391525059075283233e-02
7.100000000000000533e+00,3.298130604466996463e+00,2.231700000000000017e+00,-2.505600000000001056e-03,8.144578954431538897e-02,-3.554137676585610202e-03,8.064716924881355775e-02
7.125000000000000000e+00,2.697105331543184104e+00,2.098899999999999988e+00,-7.134699999999995559e-03,7.778408877363128526e-02,-7.680119744846628828e-03,7.740862246543558922e-02
7.150000000000000355e+00,2.712258246857216726e+00,1.781899999999999817e+00,-1.040860000000000743e-02,7.520274680993166427e-02,-1.178329537351650511e-02,7.419681069626586634e-02
7.175000000000000711e+00,2.077747141513186513e+00,1.546699999999999964e+00,-1.497040000000001217e-02,7.160213256306736940e-02,-1.584623111214187793e-02,7.100805057186740377e-02
7.200000000000000178e+00,7.401759969152010843e-01,1.169899999999999940e+00,-1.884639999999998886e-02,6.852511709180136856e-02,-1.985222894046873715e-02,6.783819738063043281e-02
7.225000000000000533e+00,9.505817587153634340e-01,7.036000000000000032e-01,-2.263829999999998621e-02,6.548475353482724470e-02,-2.378577146577295562e-02,6.468314140418128522e-02
7.250000000000000000e+00,8.409845470021335423e-01,3.891999999999999904e-01,-2.633690000000001377e-02,6.247231524588503504e-02,-2.763290850935197496e-02,6.153934954577588989e-02
7.275000000000000355e+00,-7.472215930206670409e-01,-8.610000000000006537e-02,-3.115819999999999354e-02,5.845282197854208966e-02,-3.138156933658011599e-02,5.840441633030150903e-02
7.300000000000000711e+00,-4.233912802152858812e-01,-3.467000000000000082e-01,-3.409950000000000481e-02,5.593780252641826489e-02,-3.502178761108520888e-02,5.527758351950078086e-02
7.325000000000000178e+00,-4.939429512108435283e-01,-6.341999999999999860e-01,-3.751640000000000530e-02,5.294979884700396627e-02,-3.854582713184463716e-02,5.216018645613446775e-02
7.350000000000000533e+00,-8.744300619987379619e-01,-8.319999999999999618e-01,-4.134670000000000012e-02,4.949753758655918434e-02,-4.194819846684944703e-02,4.905598830160812218e-02
7.375000000000000000e+00,-1.815574984598741004e+00,-1.093700000000000117e+00,-4.452260000000000939e-02,4.654444049218477847e-02,-4.522556219904968339e-02,4.597137039725658625e-02
7.400000000000000355e+00,-1.173347320450947473e+00,-1.070199999999999818e+00,-4.809909999999999186e-02,4.311835917051991263e-02,-4.837652312769279150e-02,4.291535712314377415e-02
7.425000000000000711e+00,-1.114111198878196207e+00,-1.169999999999999929e+00,-5.054400000000001253e-02,4.071678611977571499e-02,-5.140132925124690777e-02,3.989946617911900584e-02
7.450000000000000178e+00,-1.933729224860094797e+00,-1.052799999999999958e+00,-5.381890000000001673e-02,3.742509515051440500e-02,-5.430149822062894926e-02,3.693739008670116064e-02
7.475000000000000533e+00,-1.623425106782385496e+00,-9.407999999999999696e-01,-5.695529999999999343e-02,3.419972669282889122e-02,-5.707940106990044837e-02,3.404453061340615566e-02
7.500000000000000000e+00,-6.281055425909939371e-01,-6.862000000000000322e-01,-5.911210000000000075e-02,3.194825195775620463e-02,-5.973783646319136276e-02,3.123742102578729724e-02
7.525000000000000355e+00,-6.778721306735060459e-01,-4.465000000000000080e-01,-6.198789999999999856e-02,2.892185103479803440e-02,-6.227962694739647836e-02,2.853307771420749567e-02
7.550000000000000711e+00,-9.532226717627249046e-01,-3.118000000000000771e-01,-6.394350000000000034e-02,2.685538120043674815e-02,-6.470726293156936482e-02,2.594832267647633611e-02
7.575000000000000178e+00,8.367014667111408732e-01,5.589999999999994279e-02,-6.656919999999999504e-02,2.409077966527773187e-02,-6.702261362975464598e-02,2.349911555398079971e-02
7.600000000000000533e+00,5.541095801062763115e-01,1.924999999999999489e-01,-6.871829999999999605e-02,2.185152223496900428e-02,-6.922671941696723064e-02,2.119993200203830822e-02
7.625000000000000000e+00,2.115002301200759605e-01,3.711999999999999744e-01,-7.108119999999999716e-02,1.943075056245286911e-02,-7.131967655636053949e-02,1.906322363376916976e-02
7.650000000000000355e+00,9.147603400954212871e-01,5.448999999999999400e-01,-7.298469999999999958e-02,1.753183233628304027e-02,-7.330062095975353742e-02,1.709899053676303127e-02
7.675000000000000711e+00,6.961342571887767505e-01,6.633000000000000007e-01,-7.508230000000000459e-02,1.551074106247360765e-02,-7.516781118204457490e-02,1.531448924413890238e-02
7.700000000000000178e+00,3.858526036316395347e-01,7.047999999999999821e-01,-7.649770000000001569e-02,1.419999879422586576e-02,-7.691880277232626684e-02,1.371408936975937291e-02
7.725000000000000533e+00,9.918138668613563080e-01,6.953000000000000291e-01,-7.834209999999998397e-02,1.256637061435917149e-02,-7.855069813593876238e-02,1.229928401795752149e-02
7.750000000000000000e+00,8.048180155290580728e-01,6.052999999999999492e-01,-7.955829999999999846e-02,1.154360767269049619e-02,-8.006044967869799245e-02,1.106885277724772680e-02
7.775000000000000355e+00,-8.281177349220587847e-02,4.998999999999999555e-01,-8.112299999999998679e-02,1.031140522078249910e-02,-8.144518973960869490e-02,1.001916854253228836e-02
7.800000000000000711e+00,-5.613439544721911950e-02,2.501999999999999780e-01,-8.273259999999998948e-02,9.164723902222225368e-03,-8.270255861366969385e-02,9.144628172815468664e-03
7.825000000000000178e+00,-1.591137193925156595e-02,-1.890000000000003136e-02,-8.363640000000001351e-02,8.585274590560106403e-03,-8.383100183014517703e-02,8.438173964631295182e-03
7.850000000000000533e+00,-5.102197868928278757e-01,-1.701000000000000290e-01,-8.445769999999999667e-02,8.108799704765655425e-03,-8.483001001255832674e-02,7.891862754511721686e-03
7.875000000000000000e+00,-1.198727236833040610e+00,-5.222000000000001085e-01,-8.560050000000000991e-02,7.552039673379463275e-03,-8.570027913593707136e-02,7.497435381482609601e-03
7.900000000000000355e+00,-1.180006556440529319e+00,-7.843000000000001082e-01,-8.621399999999999897e-02,7.328637529124189601e-03,-8.644377528512614539e-02,7.246841724570667748e-03
7.925000000000000711e+00,-8.629917344379701705e-01,-9.576000000000001178e-01,-8.684830000000000327e-02,7.176793884200683045e-03,-8.706369525759367900e-02,7.132684468286770718e-03
7.950000000000000178e+00,-1.964107356462927001e+00,-1.192699999999999871e+00,-8.737100000000000422e-02,7.150613945420768690e-03,-8.756432197163634135e-02,7.148555944685007317e-03
7.975000000000000533e+00,-1.419982742263273146e+00,-1.321899999999999853e+00,-8.784639999999999116e-02,7.272786993060371616e-03,-8.795078152911689484e-02,7.289254275784464929e-03
8.000000000000000000e+00,-1.109356825201043728e+00,-1.372700000000000031e+00,-8.814480000000000925e-02,7.503170454323622972e-03,-8.822871679295801739e-02,7.550876176018232744e-03
8.025000000000000355e+00,-1.812667026230158518e+00,-1.487000000000000099e+00,-8.834620000000001361e-02,7.841764329210522758e-03,-8.840389967177972319e-02,7.930793735680723155e-03
8.050000000000000711e+00,-1.580403471532077164e+00,-1.398299999999999876e+00,-8.846250000000001334e-02,8.372344421816798818e-03,-8.848180973101926750e-02,8.427530351897897024e-03
8.075000000000001066e+00,-1.379464435994633975e+00,-1.302200000000000024e+00,-8.845630000000000159e-02,9.056513488598576939e-03,-8.846720963494250634e-02,9.040555780988199924e-03
8.099999999999999645e+00,-1.299264092420657102e+00,-1.092299999999999827e+00,-8.835959999999999648e-02,9.763371835656280140e-03,-8.836374863805650237e-02,9.770022774307454694e-03
8.125000000000000000e+00,-1.457326496122672843e+00,-9.218000000000000638e-01,-8.821799999999999087e-02,1.042659695141412608e-02,-8.817362441950105101e-02,1.061646978355190382e-02
8.150000000000000355e+00,-1.178778679413582164e+00,-7.127000000000000002e-01,-8.792429999999998302e-02,1.147903049036670502e-02,-8.789733081530440306e-02,1.158051674198758672e-02
8.175000000000000711e+00,5.440258511534627750e-02,-3.527000000000000135e-01,-8.757919999999998206e-02,1.250528409053937133e-02,-8.753351388609614814e-02,1.266258290921190577e-02
8.200000000000001066e+00,-1.043347490400142519e+00,-1.670000000000000373e-01,-8.714760000000001949e-02,1.364323876283967361e-02,-8.707895128214754310e-02,1.386265492725612808e-02
8.224999999999999645e+00,-5.590987121284287653e-01,1.526999999999999469e-01,-8.663239999999999830e-02,1.487893187325165997e-02,-8.652866100988954035e-02,1.518012821628593294e-02
8.250000000000000000e+00,8.092864358391546609e-02,3.229999999999999538e-01,-8.591509999999999425e-02,1.644972820004655598e-02,-8.587613678725056210e-02,1.661373669999340053e-02
8.275000000000000355e+00,-2.499684471161715549e-01,4.166999999999999593e-01,-8.518500000000001071e-02,1.791929543022578036e-02,-8.511369904296653410e-02,1.816157695904432878e-02
8.300000000000000711e+00,-7.204822305763319834e-01,5.253999999999999782e-01,-8.418389999999999207e-02,1.978505240060771803e-02,-8.423294338725523245e-02,1.982122461674855340e-02
8.325000000000001066e+00,-2.493533295228907709e-01,5.386999999999999567e-01,-8.337080000000000879e-02,2.120924107023509225e-02,-8.322526174719063752e-02,2.158993266856936571e-02
8.349999999999999645e+00,-2.019069052217014881e-01,4.858999999999999986e-01,-8.210329999999999018e-02,2.329665485562031069e-02,-8.208240508966471727e-02,2.346489269674627287e-02
8.375000000000000000e+00,-8.872653174402760357e-01,2.728999999999999759e-01,-8.088429999999999231e-02,2.517986511852219472e-02,-8.079705118471977587e-02,2.544353085220223826e-02
8.400000000000000355e+00,-6.760295083862226662e-01,3.389999999999993713e-02,-7.953409999999999647e-02,2.715557783177977372e-02,-7.936333752683571996e-02,2.752380341905759711e-02
8.425000000000000711e+00,-6.780297155521054497e-01,-1.885000000000000009e-01,-7.806069999999999676e-02,2.920983036137709751e-02,-7.777732001239902326e-02,2.970445466057071437e-02
8.450000000000001066e+00,-1.562266937748168827e+00,-4.592999999999999305e-01,-7.617269999999999597e-02,3.171786849649294721e-02,-7.603732327192178064e-02,3.198520396188829495e-02
8.474999999999999645e+00,-1.699026436391314121e+00,-7.111999999999999433e-01,-7.438929999999999154e-02,3.398679652408558016e-02,-7.414415817447825297e-02,3.436683863446819004e-02
8.500000000000000000e+00,-1.602890871010247409e+00,-9.320000000000000506e-01,-7.212629999999999042e-02,3.676885135176453934e-02,-7.210119384797639142e-02,3.685119945614606651e-02
8.525000000000000355e+00,-2.337435787460746983e+00,-1.225900000000000212e+00,-7.006010000000000015e-02,3.924372823109249786e-02,-6.991428286243343837e-02,3.944105488655488823e-02
8.550000000000000711e+00,-2.263183940470233857e+00,-1.447400000000000020e+00,-6.787450000000001815e-02,4.181285289002815292e-02,-6.759154729028979403e-02,4.213986669543957897e-02
8.575000000000001066e+00,-2.196820348077535900e+00,-1.606700000000000017e+00,-6.515780000000001571e-02,4.496317218987792158e-02,-6.514304029192363732e-02,4.495145636261446698e-02
8.599999999999999645e+00,-3.103758920723985959e+00,-1.736600000000000144e+00,-6.312020000000001518e-02,4.731064003381029587e-02,-6.258030381034869472e-02,4.787958898110195038e-02
8.625000000000000000e+00,-3.126171365063525442e+00,-1.828699999999999992e+00,-6.060329999999999190e-02,5.020963192137287145e-02,-5.991584877338881898e-02,5.092749876052915514e-02
8.650000000000000355e+00,-2.614193403285351991e+00,-1.853399999999999714e+00,-5.801179999999999531e-02,5.320287158854314358e-02,-5.716259002469344097e-02,5.409738723549518957e-02
8.675000000000000711e+00,-2.587586924095658159e+00,-1.814899999999999736e+00,-5.441769999999999941e-02,5.739515245183352682e-02,-5.433327345304239664e-02,5.738993227353839793e-02
8.700000000000001066e+00,-2.176664046902933691e+00,-1.669599999999999973e+00,-5.163740000000001384e-02,6.067811677483486016e-02,-5.143993596221636128e-02,6.080385114831295124e-02
8.724999999999999645e+00,-2.107087379807388139e+00,-1.521199999999999886e+00,-4.884070000000000078e-02,6.402042229240399729e-02,-4.849343791775544144e-02,6.433555967695925304e-02
8.750000000000000000e+00,-2.032779618773312702e+00,-1.280100000000000016e+00,-4.650370000000000892e-02,6.684960100988680820e-02,-4.550310153521815865e-02,6.797895900226243182e-02
8.775000000000000355e+00,-1.435589220432384350e+00,-9.772999999999999465e-01,-4.315639999999999060e-02,7.095985139833345390e-02,-4.247647886347815510e-02,7.172536578999383350e-02
8.800000000000000711e+00,-1.076237700263824371e+00,-6.895000000000001128e-01,-4.020679999999998699e-02,7.463376947378153048e-02,-3.941926236149156937e-02,7.556358798843264279e-02
8.825000000000001066e+00,-1.455757636148317102e+00,-4.261000000000000343e-01,-3.673629999999999951e-02,7.900232859152334086e-02,-3.633534112007530403e-02,7.948014100331568521e-02
8.849999999999999645e+00,2.882828780510454103e-01,-9.099999999999990041e-03,-3.374479999999999841e-02,8.280016504386299159e-02,-3.322699636114982008e-02,8.345959609063813289e-02
8.875000000000000000e+00,-2.331069151920401039e-01,2.311999999999999611e-01,-3.073230000000001100e-02,8.664338005675449594e-02,-3.009522064079213355e-02,8.748504940399318142e-02
8.900000000000000355e+00,-5.093080118349021523e-01,4.325999999999999845e-01,-2.772069999999999396e-02,9.048659506964601418e-02,-2.694013675367055299e-02,9.153869343120002444e-02
8.925000000000000711e+00,3.746278292543689936e-01,7.913999999999999924e-01,-2.470050000000000717e-02,9.432981008253753241e-02,-2.376148554110175601e-02,9.560246188595822314e-02
8.950000000000001066e+00,4.003411916210854460e-01,8.395999999999999019e-01,-2.164160000000001083e-02,9.819571437570497052e-02,-2.055914705180382843e-02,9.965870653810976476e-02
8.974999999999999645e+00,1.178221310690162449e+00,1.067499999999999893e+00,-1.852989999999999846e-02,1.020877986076523247e-01,-1.733365695005330970e-02,1.036908551003879603e-01
9.000000000000000000e+00,7.987064593225289277e-01,1.150900000000000034e+00,-1.483459999999999467e-02,1.066448532846095143e-01,-1.408668005382119129e-02,1.076839988874026544e-01
9.025000000000000355e+00,1.394888024920521719e-01,1.062999999999999945e+00,-1.163759999999999274e-02,1.105212295532889272e-01,-1.082140575745604849e-02,1.116253691840047302e-01
9.050000000000000711e+00,1.914974574612438030e+00,1.154399999999999871e+00,-7.933099999999996751e-03,1.149351672315825912e-01,-7.542835671666253336e-03,1.155046776629616856e-01
9.075000000000001066e+00,-2.676590115987073290e-02,8.271999999999999353e-01,-4.253699999999994812e-03,1.192304225207406337e-01,-4.257941265852594609e-03,1.193143110451120592e-01
9.099999999999999645e+00,5.500454818184924433e-01,8.581999999999999629e-01,-1.635300000000000989e-03,1.222358794926748510e-01,-9.756776613079492545e-04,1.230493778469676502e-01
9.125000000000000000e+00,1.065646002069607690e+00,8.026999999999999691e-01,1.471900000000005149e-03,1.257527179354434310e-01,2.293151294257965867e-03,1.267076064920574507e-01
9.150000000000000355e+00,-5.218526825420836124e-01,5.128999999999999115e-01,4.543999999999996826e-03,1.291875259033682943e-01,5.536171471711899029e-03,1.302890965251891631e-01
9.175000000000000711e+00,1.059885653892707724e+00,5.812999999999999279e-01,8.108800000000002811e-03,1.331302246836234549e-01,8.739843944072287971e-03,1.337959347083817752e-01
9.200000000000001066e+00,-4.147748299608368661e-01,3.253999999999999670e-01,1.163469999999999609e-02,1.370118369400588620e-01,1.188996990980861757e-02,1.372317039570780661e-01
9.224999999999999645e+00,-5.920545359112013850e-01,3.106999999999999762e-01,1.409269999999999447e-02,1.397170972806500711e-01,1.497225899587130774e-02,1.406009271544160777e-01
9.250000000000000000e+00,4.229352393414434474e-01,2.913999999999999924e-01,1.696779999999999816e-02,1.429005778362877344e-01,1.797292090264491007e-02,1.439084931634080633e-01
9.275000000000000355e+00,-1.569777192895083218e-01,1.451999999999999402e-01,2.023600000000000398e-02,1.465622786069718242e-01,2.087924068881643822e-02,1.471591091320504918e-01
9.300000000000000711e+00,7.765846205064823593e-01,2.950999999999999734e-01,2.295420000000000099e-02,1.496637286877657569e-01,2.368010091128062294e-02,1.503568161099905487e-01
9.325000000000001066e+00,1.459677409565469097e-01,1.949999999999999512e-01,2.555989999999999998e-02,1.526988562569839003e-01,2.636641781530884437e-02,1.535045973895135807e-01
9.349999999999999645e+00,1.033043509854520758e+00,3.225999999999999424e-01,2.804689999999999267e-02,1.556728973023822349e-01,2.893146396709565804e-02,1.566041007961120335e-01
9.375000000000000000e+00,1.595032391166929964e+00,5.126999999999999336e-01,3.081910000000000552e-02,1.591007239532991058e-01,3.137105748540729155e-02,1.596554860405389187e-01
9.400000000000000355e+00,1.168848568325006471e-01,5.616999999999999771e-01,3.308450000000000280e-02,1.620014611701136586e-01,3.368360872396650163e-02,1.626573959496674104e-01
9.425000000000000711e+00,1.351403083042721720e+00,8.687000000000000277e-01,3.522589999999999749e-02,1.648393665338564462e-01,3.587002671309106466e-02,1.656070378024522283e-01
9.450000000000001066e+00,1.375378832774002857e+00,1.008999999999999897e+00,3.724469999999999864e-02,1.676109493860234445e-01,3.793349638482513414e-02,1.685003521747461264e-01
9.474999999999999645e+00,1.051668270017038109e+00,1.300999999999999934e+00,3.977909999999999779e-02,1.712377435716676555e-01,3.987914192336276115e-02,1.713322453293354697e-01
9.500000000000000000e+00,1.777741704565124703e+00,1.495600000000000041e+00,4.127710000000000407e-02,1.734595477094564298e-01,4.171359352074479471e-02,1.740968659156912346e-01
9.525000000000000355e+00,1.750843765497695603e+00,1.605500000000000149e+00,4.297730000000000300e-02,1.760531069779200097e-01,4.344447823701470812e-02,1.767879105700851106e-01
9.550000000000000711e+00,1.991337328548892893e+00,1.791999999999999815e+00,4.457819999999999838e-02,1.785611451130358629e-01,4.507986248979826971e-02,1.793989398116217493e-01
9.575000000000001066e+00,1.656703347439244745e+00,1.803500000000000103e+00,4.634600000000000525e-02,1.814042864645346309e-01,4.662768194149178452e-02,1.819236767252237763e-01
9.600000000000001421e+00,1.848104707565308091e+00,1.868300000000000072e+00,4.801659999999999956e-02,1.841496893779217270e-01,4.809519967986736200e-02,1.843562539118041854e-01
9.625000000000000000e+00,2.156541639902523677e+00,1.863500000000000156e+00,4.914369999999999850e-02,1.860259183238156255e-01,4.948853187888332950e-02,1.866913762653035214e-01
9.650000000000000355e+00,1.724930893485174810e+00,1.762299999999999756e+00,5.042829999999999535e-02,1.881866359377845910e-01,5.081227147455363163e-02,1.889243799369019206e-01
9.675000000000000711e+00,1.978626633315849759e+00,1.680099999999999927e+00,5.224299999999999777e-02,1.912601607505466095e-01,5.206922831665189433e-02,1.910511867228408822e-01
9.700000000000001066e+00,2.344203464562210737e+00,1.550200000000000022e+00,5.300719999999999738e-02,1.925604310432823818e-01,5.326029306346837661e-02,1.930681701264260197e-01
9.725000000000001421e+00,1.049138019658640397e+00,1.291700000000000070e+00,5.426909999999999373e-02,1.947124220109913983e-01,5.438442384686627273e-02,1.949719584841922426e-01
9.750000000000000000e+00,1.193624525734045205e+00,1.149999999999999911e+00,5.511190000000000533e-02,1.961540639731386981e-01,5.543874872191166536e-02,1.967592017230469503e-01
9.775000000000000355e+00,1.152565873654758155e+00,9.557999999999999829e-01,5.606320000000000053e-02,1.977876921530054011e-01,5.641877136074253951e-02,1.984263263590314574e-01
9.800000000000000711e+00,6.034916988676811700e-01,7.475999999999999313e-01,5.708900000000000086e-02,1.995644373315356435e-01,5.731866155973775606e-02,1.999693029685137846e-01
9.825000000000001066e+00,4.653897354317464985e-01,6.337999999999999190e-01,5.788770000000000027e-02,2.009659367208870839e-01,5.813160659420810172e-02,2.013834522827383511e-01
9.850000000000001421e+00,4.175934208065850139e-01,4.840999999999999748e-01,5.859770000000000256e-02,2.022347910870869458e-01,5.885019551915100094e-02,2.026633173958722334e-01
9.875000000000000000e+00,8.125200503988959655e-01,4.025999999999999579e-01,5.930389999999999967e-02,2.035420426968307106e-01,5.946680704829197806e-02,2.038026267709852624e-01
9.900000000000000355e+00,5.099956003674166460e-01,3.382999999999999341e-01,5.987560000000000104e-02,2.046625440766110804e-01,5.997397296734421901e-02,2.047943642409363607e-01
9.925000000000000711e+00,4.454730594403903399e-01,3.957999999999999297e-01,6.019619999999999832e-02,2.053414771556368590e-01,6.036469290601928495e-02,2.056309498320225693e-01
9.950000000000001066e+00,8.085312732587611739e-01,5.064999999999999503e-01,6.048239999999999866e-02,2.060134289176546729e-01,6.063268183613716722e-02,2.063045231341797958e-01
9.975000000000001421e+00,5.077183490464539650e-01,6.643000000000000016e-01,6.067229999999999845e-02,2.065195744007330414e-01,6.077253783819862309e-02,2.068073123032300731e-01
1.000000000000000000e+01,9.143312160080003803e-01,8.851999999999999869e-01,6.079970000000000513e-02,2.069122734824317689e-01,6.077982404510341718e-02,2.071320661986859879e-01
