Time (s),Iter_1_disp_error (m),Iter_1_rot_error (rad),Iter_2_disp_error (m),Iter_2_rot_error (rad),Iter_3_disp_error (m),Iter_3_rot_error (rad),Iter_4_disp_error (m),Iter_4_rot_error (rad),Iter_5_disp_error (m),Iter_5_rot_error (rad),Iter_6_disp_error (m),Iter_6_rot_error (rad),Iter_7_disp_error (m),Iter_7_rot_error (rad)
0.0,0.0,0.0,0.0,0.0,0.0,0.0,0.0,0.0,0.0,0.0,0.0,0.0,0.0,0.0
0.05,-2.7995191076794505e-06,4.115258535827076e-06,-1.4574068611862499e-08,1.652080803803809e-08,4.493389970700869e-08,-6.595319706387087e-08,-1.3984144530619417e-08,2.0671143802634236e-08,1.4964921044161737e-09,-2.224793364369538e-09,-2.3441062954676162e-11,3.5335883537060544e-11,-5.2359280139932605e-12,7.762225008842424e-12
0.1,-2.8571859574807215e-05,3.8236550857043944e-05,-2.559926713712726e-06,3.7581859301670013e-06,5.687399561924686e-07,-7.764804866594328e-07,-9.383399900244119e-08,1.1904282946106405e-07,2.0120211289696883e-09,-8.481910615759734e-10,4.918373602271972e-10,-7.613275761230755e-10,-3.996718372380713e-11,5.2207465645525905e-11
0.15000000000000002,-0.00012987773562791723,0.00015331476757246207,-1.8290886536795597e-05,2.3462093087360547e-05,2.322383929876141e-06,-2.649753985071502e-06,-2.0853124153017225e-07,1.8404096347997365e-07,-1.617291144686032e-08,2.5982039469994028e-08,1.4438950575543924e-09,-1.4068644056805177e-09,5.2744150789551386e-11,-1.294892550390142e-10
0.2,-0.00022180006299715423,0.0001591540705212181,-5.076024197300799e-05,5.0724902616109714e-05,2.555671538004246e-06,-7.717128451909666e-07,2.912784681221789e-07,-6.783300053091537e-07,-7.588341106195585e-08,8.921212498250175e-08,-1.3993560201656235e-09,3.883040936535076e-09,5.196756963556787e-10,-6.639699688497369e-10
0.25,0.0003133473561121507,-0.0007165633286842551,-1.7064445675630554e-05,-3.745728185777439e-05,-1.1263897072372187e-05,1.92431392631795e-05,2.512959093464999e-06,-3.223485603625134e-06,-6.8767993517075e-08,4.016252636018791e-09,-1.594144475331057e-08,2.110541999934129e-08,6.995697460719912e-10,-3.428800672208854e-10
0.30000000000000004,0.002174848735353039,-0.0026996249364520625,0.000267449700305622,-0.0003989625691860984,-4.520253663541085e-05,5.0324238805567146e-05,4.4304070088707626e-06,-3.2270094245112624e-06,3.092388852522776e-07,-5.201478911177025e-07,-2.3608805683854317e-08,1.3557785114850715e-08,-2.281507701512586e-09,4.062500683077452e-09
0.35000000000000003,0.0044398373909818704,-0.0037345510462276285,0.0008031160464081234,-0.0008185725922366903,-6.150752556197472e-05,3.3833500231023744e-05,-2.6656047222642365e-07,5.420919140157118e-06,8.498921040440977e-07,-8.112884227959305e-07,4.026380156368914e-08,-8.519312087035269e-08,-7.541773046348954e-09,7.61824624391505e-09
0.4,0.005014088732833356,-0.002164232574485149,0.0011949548942218509,-0.0007776946983138848,-1.2212291055069963e-05,-4.922079012728564e-05,-1.0188277684088781e-05,1.3260143499130295e-05,3.3350031646006695e-07,5.188643664652548e-07,1.4903524275106106e-07,-1.5697720675070248e-07,-6.388436724069635e-10,-8.36231438608448e-09
0.45,0.003933811140485209,-0.00027300509837054066,0.0011494090779664429,-0.00033363663373211366,6.409906995268055e-05,-9.594588464252596e-05,-1.1334197723845973e-05,4.0665544256413e-06,-1.3245568480924064e-06,2.0988548142808483e-06,8.047643069303279e-08,6.160959662576682e-08,2.29810715457468e-08,-3.1695569967238324e-08
0.5,0.0029838200728249525,3.586806402133824e-05,0.0009130654153152035,-7.079768591625873e-05,8.909808095026311e-05,-5.516883639725134e-05,-1.518697678275227e-06,-8.76522675506003e-06,-1.7370126256383012e-06,8.284626737478651e-07,-1.9198525019054058e-07,3.3492366021542486e-07,2.2958622059032763e-08,-3.721323485472716e-09
0.55,0.0023047147156182862,0.00035375308312337456,0.0007439823489925126,-1.735504706362051e-05,7.9602238080477e-05,-2.6597464712604935e-05,3.4174543620882347e-06,-4.986789543644232e-06,-3.15927078761713e-07,-1.2228280069151443e-06,-2.6034007517133917e-07,1.2609830490201146e-07,-2.0902009151280154e-08,5.161180995777448e-08
0.6000000000000001,0.001264604584121018,0.001135274430253172,0.0005462630628633863,0.00013726427330909563,8.482908042947018e-05,-3.800907134344361e-05,1.790569966728106e-06,-2.4838906797358673e-07,3.047449223941845e-07,-5.020033473426833e-07,-4.016772037901406e-08,-1.877563600011234e-07,-3.9391507972164064e-08,2.5737207955123242e-08
0.65,8.2169818334029e-05,0.0016453042714760432,0.00026478934070718954,0.0003178518453467796,8.839804373003343e-05,-2.8000435647761168e-05,3.6437607380881976e-06,-4.470153586698389e-06,-5.68213895935088e-08,1.8592691303220832e-07,2.6857810028063644e-08,-3.742881176521662e-08,-6.152445108931204e-09,-2.8816684830013095e-08
0.7000000000000001,-0.001086382623212985,0.0020621044420288913,-3.6248202046527955e-05,0.00044374690696508123,7.726098856365368e-05,-9.837147959490533e-06,6.315888308822126e-06,-4.610911289924108e-06,2.944568946935955e-07,-6.516600483327806e-07,-4.120601962767645e-08,4.7186149747940886e-08,1.3906510110128778e-09,-3.6128662561640823e-10
0.75,-0.0017534920164810081,0.0016701120463296845,-0.0002901982528308762,0.0004784875873602157,5.4594727030567516e-05,1.2394155017168146e-05,7.973294472732317e-06,-4.823373440803608e-06,6.667768606954255e-07,-5.322020350875811e-07,3.012048810195622e-08,-1.1027775041402843e-07,-1.4128909386207367e-08,1.4350048153227712e-08
0.8,-0.0013232681998830795,0.0003567385891110435,-0.0003483854487180728,0.00027687016707322876,1.2486817015560162e-05,4.900665442428287e-05,1.0141994048631572e-05,-5.676746141016625e-06,9.120574239011858e-07,-6.699816609868903e-07,7.751185516179093e-08,-6.003326548723042e-08,-1.8823831521297407e-09,-1.64429569474156e-08
0.8500000000000001,-0.00035860154141234904,-0.0005046149061498327,-0.00018617347691298781,-4.137126141102315e-06,-2.1847962269231497e-05,4.942564367133723e-05,7.093571832750972e-06,1.553541862077401e-06,1.4842134400030321e-06,-1.1128857942306614e-06,1.1334655990354048e-07,-1.0145688709300993e-07,1.3021604402391196e-09,-1.0096559352468226e-10
0.9,0.00014565253209190658,-0.0003131842215966518,-1.3867098835503022e-05,-8.108405122178933e-05,-1.915784051275196e-05,1.2972556150112058e-05,7.289677315530652e-07,6.133801512726161e-06,1.1679031007554713e-06,7.218920740348356e-08,2.2927422623809923e-07,-2.0155969678373187e-07,2.0457334125312254e-09,-7.217490365779566e-09
0.9500000000000001,-0.00011301266429837413,0.0003763418550656941,1.861974474605746e-06,3.679871387172323e-05,1.6372287583530515e-06,-9.077320447956061e-06,-1.3714208600707628e-06,2.6687328522415066e-06,2.396369997229031e-07,8.088142205084359e-07,1.8175939893103066e-07,1.0803122812985677e-08,2.6655545409814962e-08,-3.555074685329673e-08
1.0,-0.0007827490044497011,0.0007985872817075704,-0.00011317205508775546,0.00015862663605422517,1.3318482575661733e-05,-3.9902402645189405e-06,-1.7074582587487536e-07,-3.867140327962204e-07,5.016440732252825e-08,1.5859996858880177e-07,3.702475890113299e-08,1.1850350902647966e-07,2.333020392673857e-08,3.321886446472355e-10
1.05,-0.001789821283762745,0.0013119372184184006,-0.00027654353683580863,0.00020866811147166042,1.906718631516013e-05,-2.3270235657360527e-06,-9.712354398314776e-07,2.2574209016107405e-06,3.9159942269136397e-07,-3.9454791882220785e-07,3.3002047856653394e-08,-1.1356499726722369e-08,-5.192925234785706e-10,1.9839781741082252e-08
1.1,-0.0035432258230240713,0.0027120270167609734,-0.000534305022551489,0.0003690726389702012,4.374976324462033e-05,-3.809153620018546e-05,-5.264408351476381e-06,8.062014076437585e-06,2.7639051220374605e-07,1.3340968691571975e-07,1.201035960841229e-07,-1.1903452294681482e-07,-7.16887401872035e-10,-2.015179793868338e-09
1.1500000000000001,-0.005890473173152083,0.004608935908079152,-0.0009946276500799808,0.0007937928490235821,8.203498874992388e-05,-7.793984585759486e-05,-5.288448666491974e-06,3.918201139156002e-06,-9.214123249563777e-07,1.8026364166402742e-06,1.235734679895517e-07,-3.55302712043426e-08,1.8942389955201033e-08,-2.7110332888324873e-08
1.2000000000000002,-0.007852792470394391,0.005722285503962553,-0.001608741257329807,0.001327797382331325,8.215516277132462e-05,-4.926136155612021e-05,6.4534279803976635e-06,-1.316281175671799e-05,-1.875783397449482e-06,1.9473757672007486e-06,-1.2074559810337782e-07,3.314009058251466e-07,3.459705381902989e-08,-3.024405954843434e-08
1.25,-0.0084052073022707,0.004862516086531758,-0.0021331402849694703,0.0015801899490832938,2.88432935470484e-06,6.841029506889432e-05,2.3423635266334175e-05,-2.7482616854921857e-05,-4.85644265135754e-07,-9.895824052558178e-07,-4.0070748906495535e-07,4.743402024776078e-07,-1.989852886630228e-09,4.072145411496142e-08
1.3,-0.007438422627516275,0.00231595470188173,-0.0022985025901633566,0.0012493694356752608,-0.00013189570840337062,0.00020354560987049554,2.9353052051872552e-05,-2.097151113491678e-05,2.9309151686057744e-06,-4.644986555982136e-06,-2.5954966136054747e-07,-7.690404935263573e-09,-7.539894254782187e-08,1.0362343988207148e-07
1.35,-0.006013174627073153,-3.7937012187988506e-05,-0.0020798110506881767,0.0005389372569170933,-0.00023635750362271946,0.00023738459271556087,1.4471952507727481e-05,6.9544557141287475e-06,5.375321938408395e-06,-4.973318527312295e-06,3.5409823805065965e-07,-7.563990394145528e-07,-9.226867751788159e-08,5.318070819219228e-08
1.4000000000000001,-0.005289302209665198,-0.0008515731979265792,-0.0017527713881301255,-1.0804134114587166e-05,-0.0002479590118684011,0.0001496967422662896,-9.954208459575509e-06,2.9609451651169474e-05,3.975019935195667e-06,-5.040699668380083e-07,9.158934101832772e-07,-9.708277459840459e-07,-6.3231468117042056e-09,-8.57622950243414e-08
1.4500000000000002,-0.005467034728478787,-0.0005879486261489795,-0.0015817125659896292,-0.00017286584166922338,-0.0001956584948960699,4.4924435133550725e-05,-2.3727690721286887e-05,2.7609161241889252e-05,1.2796405990389559e-08,3.94109027567098e-06,7.988479077958299e-07,-2.4004993835757826e-07,1.1406838958116783e-07,-1.731026183973e-07
1.5,-0.006201571679277276,-7.751948616826002e-05,-0.0015882019209216558,-0.00014929134945483938,-0.00014088067439545215,-6.587742188934181e-06,-2.4165003618514813e-05,1.5493659693272335e-05,-2.5577209645383236e-06,4.020522370350513e-06,1.6309468121866733e-07,5.501193100533597e-07,1.3265641392312677e-07,-7.935043543419451e-08
1.55,-0.007508764856011929,0.0008758160040580297,-0.0017048090080216127,-7.804806952721975e-05,-9.355741040519006e-05,-4.1729856982501354e-05,-2.3073274158610935e-05,1.2136828350705134e-05,-2.8714520238781738e-06,2.232005975953688e-06,-2.5682201527932325e-07,5.62025874442304e-07,4.3423184659108216e-08,5.9080739718900266e-08
1.6,-0.00961951295858457,0.002714415571128533,-0.001972481364732631,0.00017358603038327217,-3.25643308594914e-05,-9.900289710712898e-05,-2.3936592465356732e-05,1.2260621727318982e-05,-3.1515585149910486e-06,2.2469141274950727e-06,-3.040421467231935e-07,2.830887032099355e-07,-2.0328233776845117e-08,6.479365129326287e-08
1.6500000000000001,-0.012345137381017973,0.005121074475299197,-0.0024666113985956084,0.0007046310982865463,3.0664153725351584e-05,-0.0001428323735197471,-1.900268281179729e-05,2.699053759836964e-06,-4.161716297801377e-06,3.0736933775057235e-06,-3.9723925601697907e-07,3.7162576940752423e-07,-1.9067361717306497e-08,1.4717091175939223e-08
1.7000000000000002,-0.014957843453788533,0.007103786546320927,-0.0031407519206318457,0.0013726114150610126,5.4237326863854074e-05,-0.00012202126381152117,-4.739440547990581e-06,-1.4207021511759843e-05,-4.31422836355555e-06,2.0076790864485827e-06,-6.677254448528291e-07,6.098804313271755e-07,-2.976522828213035e-08,3.481050996415047e-08
1.75,-0.016588386929764665,0.007705669493640582,-0.0038101255355775243,0.0018851961597492195,8.987975842034146e-06,-2.9225280647506013e-05,1.2887018015717011e-05,-2.7196645046849433e-05,-2.590745507707881e-06,-7.958599185405035e-07,-8.080542024668791e-07,4.929463540553902e-07,-8.438862147963633e-08,9.413949673270361e-08
1.8,-0.01680184724611078,0.006744118264595866,-0.004259616874365685,0.002009623609286429,-9.580467400174819e-05,9.336895469604783e-05,2.44989329457046e-05,-2.7679601655242192e-05,3.087560131731504e-07,-3.5058957479766617e-06,-6.070840594951665e-07,3.801713881895763e-08,-1.3130324733046095e-07,9.896464382014303e-08
1.85,-0.015854618374801482,0.004943979552041948,-0.004390180884567163,0.0017636101486761327,-0.00021627333275736627,0.000181811151716553,2.432169022137387e-05,-1.568582022445919e-05,2.774417642709137e-06,-4.334201327595155e-06,-1.4967390163378447e-07,-4.6084476199720337e-07,-1.2662919485206814e-07,4.184888503094841e-08
1.9000000000000001,-0.014314366424502428,0.0031156542490256497,-0.004268043664258675,0.0013774143057505017,-0.0003118670754012065,0.0002128013111717189,1.5913226171532235e-05,-2.992792349179596e-06,3.443066450892207e-06,-2.7714758299643427e-06,2.8077830802053505e-07,-6.469361361269299e-07,-6.870985960749643e-08,-4.3971134934539524e-08
1.9500000000000002,-0.01255433385579452,0.0014116842575737296,-0.003999883965416923,0.0009936647590257641,-0.0003798238076253013,0.00022526400675416253,6.9983731889600165e-06,1.6384834514993063e-06,2.9153209704924077e-06,-1.272015040243435e-06,3.9072831503617067e-07,-3.574837106265494e-07,7.92272747407452e-10,-8.981428792353974e-08
2.0,-0.010857218209561897,-0.00014252526221190248,-0.0036121518916977235,0.0005419030042960737,-0.00042989120064015895,0.00024137263629422923,-3.649388647830598e-06,8.354157321956157e-06,2.9918481158075494e-06,-2.0229888593320533e-06,3.197396958032339e-07,-1.4048854612286332e-07,1.1096861846082717e-08,-3.1051260673820025e-08
2.0500000000000003,-0.00976003881396209,-0.0009319281919583158,-0.003135744001517282,1.7069842892319942e-05,-0.0004370053856903866,0.0002078399879307663,-2.3981803081191133e-05,2.9654642091668515e-05,3.1739368423766567e-06,-2.382441308332317e-06,5.196436048404696e-07,-5.314357048868956e-07,-2.08994515582539e-08,2.586946424437686e-08
2.1,-0.009818187453106614,-0.00025260730341249843,-0.0027387356957112308,-0.00032453452634764735,-0.0003627032696923438,7.540717113266315e-05,-5.0047692848803615e-05,5.2655330010413504e-05,4.965474149631888e-07,1.8333573800349834e-06,9.073532018233355e-07,-9.342387426586329e-07,2.2884788786203814e-08,-7.373726906151346e-08
2.15,-0.011001148144020867,0.001729603324700249,-0.002650557185711222,-0.00018779170248515997,-0.00022315890350574352,-0.00010336858953422651,-6.213801353055493e-05,4.947699290255847e-05,-5.6968767256082575e-06,8.933862054340269e-06,7.152860411752116e-07,-2.659222187798016e-07,1.6565198782125812e-07,-2.434303373877178e-07
2.2,-0.012528313883854642,0.0038736894027002963,-0.002944822896760152,0.0004238476091861995,-0.00010219135409439417,-0.00020234128827873593,-4.535233321908971e-05,1.2135770720372863e-05,-1.1286990934805674e-05,1.2018842766241267e-05,-4.5348567825898023e-07,1.3444539812695888e-06,2.409515385826122e-07,-2.1598884715479105e-07
2.25,-0.013368385637376162,0.004889928782200889,-0.0034361329904003257,0.0011472950065772522,-8.554350090667073e-05,-0.00014002711487975938,-7.971328655514975e-06,-3.4539818641265985e-05,-1.1262879345858012e-05,6.855322455631696e-06,-1.8773904352231696e-06,2.4418969256437273e-06,9.210918552882141e-08,8.084805744323909e-08
2.3000000000000003,-0.012923038494201455,0.004286369671053787,-0.0038095121691451017,0.0015472380456541188,-0.00018659929025954813,4.024704683296132e-05,2.4276205231710257e-05,-5.5676754062219946e-05,-5.141480055370629e-06,-3.0177682473417344e-06,-2.3577973652932904e-06,1.838802202308587e-06,-2.0726906801993294e-07,3.949708718212208e-07
2.35,-0.011259917185122259,0.002495214123880568,-0.0038535303081422834,0.00146341291817699,-0.0003424292734120482,0.0002184327015003762,3.2280635355874665e-05,-4.131520646442899e-05,2.3055298087326648e-06,-9.569245422474948e-06,-1.4806417865664834e-06,-2.2515548633861293e-08,-4.0635094011864936e-07,4.1669020399426326e-07
2.4000000000000004,-0.008783763967468827,0.00016694054093358002,-0.0035544717056034125,0.0010310905301027518,-0.00048103931926790633,0.000319974795534958,1.868836804036489e-05,-1.2027709514236817e-05,6.120023001154884e-06,-9.059481841794392e-06,-6.644355537988034e-08,-1.4751749724956076e-06,-3.4223827405366336e-07,1.2789029013582365e-07
2.45,-0.005884282985111622,-0.0023447179077860925,-0.002991296648987285,0.0004107892272348507,-0.0005740376716951157,0.00035597274451894256,-3.128108241823302e-06,1.1918771715052623e-05,5.882157911196728e-06,-5.153916077027532e-06,8.164502354746084e-07,-1.6001310167157445e-06,-1.1740831523665562e-07,-1.6288584198109746e-07
2.5,-0.002966910526248645,-0.004739644917442845,-0.0022273730951445914,-0.0003517157159799028,-0.0006176814558191412,0.00034716994220712616,-2.774911154207471e-05,3.2258372919730105e-05,4.073260574666282e-06,-2.173621067108611e-06,1.0075140998155874e-06,-1.0981660296532914e-06,5.293691751617757e-08,-2.256711023052027e-07
2.5500000000000003,-0.0006068868658716253,-0.006408313712939026,-0.0013451622931711649,-0.0011819742697442848,-0.0005937747215335465,0.00026882867185011594,-5.7125341809793895e-05,5.654597006798934e-05,1.4306097777527782e-06,7.227180883334627e-07,9.968882548339053e-07,-8.439821360256561e-07,1.1516497910868395e-07,-1.7350092357260039e-07
2.6,0.0006044816607073678,-0.006683455472328556,-0.0005197044428129072,-0.0018479199386665923,-0.0004798432190186719,9.761789332415893e-05,-8.656277807661539e-05,7.613540651513206e-05,-3.404773339654721e-06,6.065152014261832e-06,8.778212116089534e-07,-5.584537036834591e-07,1.697306603043458e-07,-1.9498300035669658e-07
2.6500000000000004,0.00044693915179944144,-0.005429954836288671,2.790616566389348e-05,-0.0020835796907969703,-0.00029089756810940504,-0.00012404605912509636,-0.00010210191885734465,7.325195212355001e-05,-1.0294419568457336e-05,1.2327664424868767e-05,2.2573960001270876e-07,4.26141798542945e-07,2.422943738422667e-07,-2.328844684804099e-07
2.7,-0.000737857541584952,-0.0032330560139035847,0.0001692794338454262,-0.001810906882292046,-8.798650766450589e-05,-0.00030508625886445373,-9.346187582121024e-05,4.373110532773783e-05,-1.6238709294014164e-05,1.497746976691916e-05,-1.070885761011997e-06,1.8449662858854854e-06,2.2366594443212762e-07,-1.1275563400331423e-07
2.75,-0.002239881858610654,-0.0010152025120572367,-5.166152254154621e-05,-0.001196882808151549,6.053379748779952e-05,-0.00037903442984235647,-6.423168423527748e-05,2.747025011642923e-06,-1.8162539014682233e-05,1.1959529667260327e-05,-2.4255228024405717e-06,2.68290504899793e-06,4.560283373145069e-08,1.545103620326227e-07
2.8000000000000003,-0.0033501582515613193,0.0004912344625514903,-0.0004684566453896921,-0.0005092964597039548,0.00012032463959429918,-0.0003462878146824333,-2.7352497395383146e-05,-3.1046295036314675e-05,-1.5837793247402976e-05,5.865056946344205e-06,-3.130537350598539e-06,2.3934996881483372e-06,-2.0229943428762276e-07,3.655848397274286e-07
2.85,-0.003594554136249678,0.0009524679256623786,-0.0009023016895212677,6.110986529498513e-05,9.510676024218623e-05,-0.00024773265993006943,6.9007147472099906e-06,-5.225029020451688e-05,-1.1423042137137518e-05,6.498300701429649e-07,-3.071646929031502e-06,1.4898606147256688e-06,-3.67995766470397e-07,3.6972913423916065e-07
2.9000000000000004,-0.0027401335419812156,0.00026697699478971104,-0.001217001021855818,0.00042972344031814297,-8.572503545356547e-07,-0.00010752134916117845,3.591993863910625e-05,-6.753771568113187e-05,-6.4800642174400735e-06,-2.9839808598844386e-06,-2.7143301883358895e-06,8.803984362579231e-07,-4.0566497852556616e-07,2.4408386087998446e-07
2.95,-0.0007730160019384369,-0.0015542835948759437,-0.0012902450466591164,0.0005056146735517228,-0.0001583394189264009,7.7529760119599e-05,5.682340354215554e-05,-7.684085724176531e-05,-2.458692734130796e-07,-8.007978395660476e-06,-2.3654821634244705e-06,6.651162177684355e-07,-4.1994195193462147e-07,2.0790019386596192e-07
3.0,0.0019901791400716295,-0.004176483394809041,-0.0010026521488440687,0.00015810294387860746,-0.0003495008089908769,0.00028032783797135585,5.771123262712785e-05,-6.308032604317865e-05,8.00330960118445e-06,-1.5473525021271473e-05,-1.5976434840359044e-06,-1.6440272015277868e-07,-5.108004542397904e-07,3.2938305315199923e-07
3.0500000000000003,0.0048361043753383515,-0.006767280738690644,-0.0003251773283372561,-0.0006251867527664323,-0.0005025254903550103,0.0004068829927946979,2.571333115519714e-05,-1.2323338008442264e-05,1.5146961935941228e-05,-1.991160621680338e-05,1.8659010728172554e-07,-2.2614900085857204e-06,-5.710212499787648e-07,3.4369596446648387e-07
3.1,0.006890687032425458,-0.008315848429884025,0.0005840644698605624,-0.0015948951253066182,-0.0005305853816671702,0.00035933203588179446,-3.363731780361978e-05,5.858626156108465e-05,1.5223582317508422e-05,-1.407152661520722e-05,2.5229627656220277e-06,-4.386829643654444e-06,-3.5419210986376015e-07,-4.834113649654359e-08
3.1500000000000004,0.007560107202816413,-0.008243692337929796,0.0014198731282148158,-0.002341589509188065,-0.00039981685837070513,0.00013543194633203887,-9.204922900138413e-05,0.00010799924889681733,5.642244251313766e-06,1.6012873975158881e-06,3.7911523008693493e-06,-4.329722910111078e-06,1.7759153486673895e-07,-6.883295468884665e-07
3.2,0.006810672258248551,-0.006715932858112025,0.0019005949146280454,-0.002565303382859433,-0.00016197703858622514,-0.000156640544281713,-0.00011875556311743973,0.0001061581343363184,-8.971212079517121e-06,1.7542344952926198e-05,2.759001360624902e-06,-1.4886880696576843e-06,6.919976503760861e-07,-1.0173116220639489e-06
3.25,0.005088569679420868,-0.004416395231543375,0.0019155008156788444,-0.0022425661506198687,8.358648088943599e-05,-0.0003840944982503435,-0.00010376095717926082,5.962576906323909e-05,-2.0402796271967727e-05,2.3997994598410136e-05,-6.456520371123098e-08,2.2571847999291322e-06,7.879994753656749e-07,-6.953133683783308e-07
3.3000000000000003,0.00302784022639635,-0.002098837518689809,0.0015350733859592347,-0.0015622053579132924,0.00025519758507991375,-0.0004783381395940915,-6.020667588682582e-05,-1.4307816228742443e-06,-2.3675353328367343e-05,1.9421744779963765e-05,-2.9226910302770914e-06,4.472684821326539e-06,4.056429509791126e-07,2.0080708200420627e-08
3.35,0.001214738608903393,-0.0003323926247142282,0.0009221678196603134,-0.0007556904206907676,0.00031908431376656554,-0.0004437593312311087,-8.194160835112152e-06,-5.2724168796520685e-05,-1.9554172729724373e-05,9.301297526652375e-06,-4.45062437501309e-06,4.412932164751283e-06,-1.5402344794024359e-07,5.933931641003559e-07
3.4000000000000004,9.852450789685219e-05,0.0004928478479655479,0.0002576050964323562,-1.4132135581501788e-05,0.00027481176160540355,-0.00030804366783300594,3.853680147317129e-05,-8.711789748259893e-05,-1.1308290542549893e-05,-1.2668295673702937e-06,-4.525671243787999e-06,3.0545643634012284e-06,-5.740697206491063e-07,7.731952684905327e-07
3.45,-6.576668733926372e-05,0.00015866081991623877,-0.00027589887074466746,0.00048256466980655527,0.0001369193482026465,-9.573427764539028e-05,7.103673778308117e-05,-0.00010174981718391943,-1.0823176904706244e-06,-1.1209915139936792e-05,-3.639447519854233e-06,1.3616192577788067e-06,-7.765400697745672e-07,7.065325667169123e-07
3.5,0.0006696178801529618,-0.0012308424019546963,-0.000509741012634346,0.0005626034926381196,-5.850981273383682e-05,0.00014714078550785107,7.889600228203064e-05,-8.743986875579292e-05,9.67662848802564e-06,-1.9940937909089344e-05,-1.998539643388586e-06,-6.733154197845551e-07,-8.279098392127704e-07,5.694168497029362e-07
3.5500000000000003,0.0018740252598614393,-0.0031292031818595445,-0.00035555881867146977,0.0001613536331888047,-0.00024381410543397597,0.0003354078908147278,5.401466368776253e-05,-3.904556815825626e-05,1.790010604713066e-05,-2.377675855524345e-05,3.4967993797763164e-07,-3.0901528259045727e-06,-7.182261354266029e-07,2.99943227618886e-07
3.6,0.002855759638593941,-0.004708409337144139,0.00012519019969733924,-0.0005853783023823857,-0.00033998144858451984,0.0003836258632486196,1.1117418105832666e-06,2.9414682838926204e-05,1.953973141347043e-05,-1.8797301302711164e-05,2.791787779815591e-06,-4.9120616939634515e-06,-3.6946664097592397e-07,-1.955875515401162e-07
3.6500000000000004,0.002942198459837758,-0.005236820932648848,0.0007299442217920671,-0.0013854078918791105,-0.0002986969396752137,0.00026559153515780644,-6.063003672548972e-05,8.963740398479944e-05,1.3090537938076352e-05,-6.144355221330243e-06,4.200691270578316e-06,-4.861919885582305e-06,1.5588362253793342e-07,-7.292190221358085e-07
3.7,0.0017390242852865223,-0.004375913416310726,0.0012061682337143054,-0.001941850426089252,-0.00012583877620839234,2.689379816310229e-05,-0.00010897949991670042,0.00011988335080083336,1.2475746543061383e-06,8.147204014582804e-06,3.8982222831940305e-06,-2.8851186740517024e-06,6.063265608757806e-07,-9.494373099251229e-07
3.75,-0.0007697489002635172,-0.0022227286198096647,0.0013492896962444545,-0.002071735023530104,0.0001317872496658934,-0.0002566779840372825,-0.00013042471395641186,0.00011665426577323577,-1.1545754676073328e-05,1.8773568725040726e-05,2.241425899718319e-06,-2.692596924765145e-07,7.697751751578608e-07,-7.512557895781105e-07
3.8000000000000003,-0.004262062685688628,0.0008102328029602444,0.0010465834653027029,-0.001716878651578907,0.0004135528160817692,-0.0005208709092441345,-0.00012082441082386652,8.61073374143536e-05,-2.2401369113106417e-05,2.493913199618121e-05,6.203747474065047e-08,1.8291724696896383e-06,6.737222692787537e-07,-3.9310943667977827e-07
3.85,-0.008167146416013793,0.004106218024225184,0.0002801260500214231,-0.0009056585109328708,0.0006564074440080503,-0.000713248741881084,-7.903058581695821e-05,3.051395872203516e-05,-3.0090649918407264e-05,2.7814655995989437e-05,-2.2602100809010484e-06,3.5151342586397377e-06,4.861272616119017e-07,-1.5118442217749994e-07
3.9000000000000004,-0.011777276832958539,0.006926361202133948,-0.000864453653190822,0.00024267722717325434,0.000792613166305689,-0.0007731051047653401,-6.343856789658986e-06,-4.950017776351144e-05,-3.245537591645142e-05,2.5555059961629434e-05,-4.831391267640095e-06,5.449357325089041e-06,2.459586918579504e-07,4.736642147430692e-08
3.95,-0.014427168758717773,0.008580958670665157,-0.0021819077580370327,0.0014802840457597763,0.0007616815052775838,-0.0006441676809206074,8.474346483919315e-05,-0.00013849967998474412,-2.5641416051436217e-05,1.3457670465091137e-05,-7.295268421303458e-06,7.146985066406458e-06,-2.0765285793644672e-07,5.176095613911719e-07
4.0,-0.015734242924247577,0.008714687730552194,-0.0033778622951931847,0.002462752635022848,0.0005468982168906344,-0.00032839679896003084,0.0001652496871713538,-0.00020040132108136485,-7.750885727714207e-06,-9.313522833637872e-06,-8.249557226169824e-06,6.657145382956732e-06,-9.604597926982095e-07,1.2958997832532293e-06
4.05,-0.015772900157730585,0.007518070197256892,-0.00417579686113978,0.0028968466681231443,0.00020529596362900415,7.888326624677883e-05,0.00020108926120165904,-0.0001994308607376745,1.6704925062477338e-05,-3.45128995700814e-05,-6.174722700452717e-06,2.553327933756946e-06,-1.7255258246695604e-06,1.8616402044059014e-06
4.1000000000000005,-0.015045486044213213,0.0056599114365530325,-0.004444276837586941,0.002702213598261001,-0.00014787273090524633,0.0004271115655079291,0.00017515904164525087,-0.00012992899693680272,3.7601300862138975e-05,-4.904583349113652e-05,-1.128639506881024e-06,-3.927529086851511e-06,-1.9589628098559686e-06,1.568971271163292e-06
4.15,-0.014256909462110556,0.003971019210768762,-0.0042507170573085895,0.0020463034980316482,-0.0003961373452683603,0.0005962479999954652,9.930136642524734e-05,-2.2710932096103864e-05,4.572232593783032e-05,-4.527607369568011e-05,4.782363255101396e-06,-9.384467451107638e-06,-1.35181083460445e-06,3.661510875694468e-07
4.2,-0.014040030795843095,0.0031123358823057813,-0.003810678558814923,0.001235959604456171,-0.0004748871164212687,0.0005532148295828276,5.2663887379067464e-06,7.791098571657482e-05,3.869886203261563e-05,-2.632524064435579e-05,8.868071077805517e-06,-1.1051499720920663e-05,-1.5636208053337874e-07,-1.075589089145207e-06
4.25,-0.014770177274189611,0.003407115318338946,-0.003387089963832718,0.0005751712630371747,-0.00038531998237875675,0.00034232617682326653,-7.433745571061579e-05,0.00014055172041179363,2.0999011232120113e-05,-1.687528916889669e-06,9.701234736841924e-06,-8.748126172559642e-06,1.029580933009644e-06,-1.982551778372324e-06
4.3,-0.016496512452266354,0.004825101708250521,-0.003207352830369825,0.00028470753471523773,-0.00017674661705874284,4.383415651516842e-05,-0.00011782971467838577,0.0001536227210701801,-4.0344860707808294e-07,2.0235663189548808e-05,7.555244722207144e-06,-4.164141806560495e-06,1.7403963901985176e-06,-2.084974882377369e-06
4.3500000000000005,-0.01894884680007053,0.007019759896965249,-0.003415450129718889,0.0004780837281778468,7.472152268503396e-05,-0.0002520138305306587,-0.00011528432058019455,0.0001174710280431538,-1.9359515493450052e-05,3.4674077547095644e-05,3.5234720678900544e-06,9.980552676570886e-07,1.8581913185100607e-06,-1.5894435319071393e-06
4.4,-0.02160114414990419,0.009392374417586174,-0.004039287369282524,0.0011405892892603162,0.00028067440003543,-0.0004523973090742161,-6.731514817595596e-05,4.042302209733735e-05,-3.0881704639107443e-05,3.842962170062282e-05,-1.2499684596267713e-06,5.668096078820586e-06,1.4616170608272583e-06,-7.490192889259006e-07
4.45,-0.023810690111995547,0.011237499546500516,-0.004970011733341051,0.0021065922473584575,0.00035950299565093435,-0.0004798781558574064,1.2671976011846553e-05,-5.662106402431685e-05,-3.1084561624428186e-05,2.920723486294491e-05,-5.5335539594358885e-06,8.746588286114715e-06,6.532104322720667e-07,3.066802643711397e-07
4.5,-0.025024095179617095,0.011979740330634089,-0.005980355871130272,0.003086536634094604,0.0002658056375128004,-0.0003085036984771042,9.826976748153471e-05,-0.00014032718712395087,-1.8965734368353582e-05,8.514289009609044e-06,-7.89404787449044e-06,8.911702274860128e-06,-3.9020556863444966e-07,1.3526921313032625e-06
4.55,-0.024972169980356895,0.011395589570126458,-0.006798030676879618,0.00376879884835973,1.353267785150769e-05,1.3353145598415939e-05,0.0001586537739645122,-0.00017884395976646567,1.7221955069812722e-06,-1.6466345226208434e-05,-7.286452804150523e-06,5.678408345963226e-06,-1.3226225490103882e-06,1.9623712805560967e-06
4.6000000000000005,-0.023757240524936607,0.00968787586263694,-0.0072043239779316925,0.003943004163297119,-0.0003279257853464612,0.00038238888398502147,0.00017219602858081773,-0.0001589557531115754,2.3618326488006325e-05,-3.623785531071261e-05,-3.8813452225006095e-06,3.0975912775066394e-07,-1.7570146692014177e-06,1.8036770759177756e-06
4.65,-0.021800324449887498,0.007386329526453267,-0.00710493822891034,0.003565947768634767,-0.0006629350804880363,0.0006879395054123563,0.00013424378913667878,-8.96104725279373e-05,3.956320820780457e-05,-4.475387435875361e-05,9.67047900868323e-07,-4.941702709398976e-06,-1.546339309987932e-06,9.95560720543076e-07
4.7,-0.019693460330896195,0.005159607781084791,-0.00654728855631298,0.0027498492080200096,-0.0009018528914419011,0.0008481220301108858,5.470928113993079e-05,8.878906375096862e-06,4.539667763020505e-05,-4.13205599914257e-05,5.694986493609555e-06,-8.54161167333084e-06,-8.712362415952413e-07,8.873383243457322e-09
4.75,-0.018022390733932414,0.0036279651814021194,-0.005698601544317727,0.0017154180050768589,-0.0009805250968096813,0.0008183406704385526,-4.783164717153676e-05,0.00011457933424238037,3.961941831115423e-05,-2.747067849648288e-05,9.313188177151321e-06,-1.02767491033523e-05,-1.6304312344672667e-09,-8.261091035619006e-07
4.800000000000001,-0.01719813414596938,0.003201348402517179,-0.004805966427536612,0.000746094341301573,-0.0008718274503040635,0.0005921189511618463,-0.00014827157455793438,0.00020295723817892464,2.2052065155597766e-05,-4.216298479228775e-06,1.1180848439484858e-05,-1.016853468290696e-05,9.488532353163492e-07,-1.5607321688093645e-06
4.8500000000000005,-0.017322692317979782,0.003945074660988139,-0.004138516050250229,0.00013178689042229325,-0.0005989237624381416,0.0002140024968145804,-0.00021582685200643992,0.00024396502739434944,-5.354549707570211e-06,2.5897515075659627e-05,1.0394524654067094e-05,-7.415503109807486e-06,1.940517095622152e-06,-2.288372758632584e-06
4.9,-0.018132133731825262,0.005519101607850706,-0.0039058431556370787,7.940036439280096e-05,-0.00024355165826789316,-0.000209210327230841,-0.00022174404403457748,0.0002114153760022358,-3.611679484155639e-05,5.479871597308811e-05,6.04042106722158e-06,-1.1442757073334975e-06,2.723605222354486e-06,-2.6953321418943244e-06
4.95,-0.019064303253714443,0.007261051063506246,-0.004173471065439527,0.000615574810354888,6.973946711624768e-05,-0.0005308866757123623,-0.00015454930744579487,0.00010292763875501681,-5.925283491658995e-05,6.976549607141252e-05,-1.5723722041616206e-06,7.659743728183344e-06,2.7879304996258902e-06,-2.1603642302442383e-06
5.0,-0.019448941448486745,0.008417559578207987,-0.004822872615409368,0.0015506154981998685,0.0002188857058217364,-0.000625544067528877,-3.1567023876521993e-05,-4.8845879637590683e-05,-6.408700786864063e-05,6.1000074662476145e-05,-1.0077129627195092e-05,1.5507273369769203e-05,1.7379766347747072e-06,-4.156185265669077e-07
5.050000000000001,-0.018744145017176972,0.008421408528642399,-0.00558905501681245,0.002545418158853008,0.00013667702998865217,-0.0004501862943163959,0.0001052725366693652,-0.00018858600639196088,-4.677964026589265e-05,2.938600866472796e-05,-1.5911822556946564e-05,1.835515769686713e-05,-2.4452716013145803e-07,1.952347265743448e-06
5.1000000000000005,-0.016714437439435015,0.007077355750749692,-0.006159278791446732,0.0032459261417904783,-0.00016228613129143366,-6.161384922874491e-05,0.00020818914358716745,-0.0002662221422174288,-1.2995197478882226e-05,-1.3243465720264025e-05,-1.6413666263148663e-05,1.4480308165948363e-05,-2.3700418047001293e-06,3.798301761170908e-06
5.15,-0.01348797232547444,0.004591467624309009,-0.006280455623069281,0.0034058889907638,-0.0005926507803790115,0.00041597503496022814,0.0002435097244838369,-0.0002583171072445545,2.530840484377128e-05,-5.1254673895217984e-05,-1.1322913405109603e-05,5.495764850454998e-06,-3.725860562409089e-06,4.243765379621789e-06
5.2,-0.009497690427167083,0.0014749721013070372,-0.005831078555841973,0.002947732956233212,-0.0010331547472130498,0.000841609607531324,0.00020132685224283353,-0.0001710311805600967,5.566669234235988e-05,-7.277527525288707e-05,-2.58583003970303e-06,-5.101827974904327e-06,-3.8123081838037365e-06,3.1962965240661667e-06
5.25,-0.005346980711988469,-0.0016138191801773338,-0.004846084442148291,0.001965978832544249,-0.0013641560438771294,0.0010971452252381414,9.458000185369464e-05,-3.157838702476379e-05,6.920364260382117e-05,-7.244121041397045e-05,6.9031798870522465e-06,-1.3953653330026072e-05,-2.6829952479712205e-06,1.1711637341038639e-06
5.300000000000001,-0.0016395609293000102,-0.00404951676524333,-0.0035020830294941185,0.0006960057357748295,-0.0014984552928781203,0.0011126418404209526,-4.644578334966898e-05,0.00012049353111438788,6.21263059273347e-05,-5.070306336446562e-05,1.435787095116492e-05,-1.8693595916816075e-05,-7.437760712880603e-07,-1.1693711966520581e-06
5.3500000000000005,0.001190670774316449,-0.00541638185550411,-0.0020684091649120218,-0.0005463088311428582,-0.0014048105896667384,0.000885155215028674,-0.00018150147761519797,0.00024098180463717755,3.6230761659761246e-05,-1.3356922381801972e-05,1.7606362575306456e-05,-1.795149797600981e-05,1.443360764741275e-06,-3.2023709305994963e-06
5.4,0.0030049233010562837,-0.005637223490893892,-0.0008287144654389178,-0.0014556682878054117,-0.001119627989680183,0.0004859287705317322,-0.00027115557327406226,0.0002928187215756328,-1.0207073003476452e-06,2.8641070608251273e-05,1.5547194463394476e-05,-1.1669730344457396e-05,3.2396445289184506e-06,-4.323172676304332e-06
5.45,0.003993276296419546,-0.004997460141673821,7.984244030923016e-06,-0.0018376474579979152,-0.0007377142172725892,4.191587677186692e-05,-0.00028999836676846247,0.00026051523630594986,-3.818126042132164e-05,6.184500225395184e-05,8.705596148295136e-06,-1.6703455578137572e-06,4.057568101456521e-06,-4.090348007149136e-06
5.5,0.004598354217787093,-0.004041942227880221,0.00037331221488962063,-0.0016737991495105742,-0.00038064791300240763,-0.0003084768062952131,-0.00023597305518813227,0.00015731506281596586,-6.381989483122963e-05,7.577301917417734e-05,-7.089149250405491e-07,8.668281717721937e-06,3.611935535219324e-06,-2.5410520918256463e-06
5.550000000000001,0.005357326675826779,-0.0033855952604485845,0.0003554756069124587,-0.001119996327618819,-0.00015582965678284655,-0.0004635789987813971,-0.00013005745885252828,1.8550100237713085e-05,-7.079401270487784e-05,6.728777977346723e-05,-9.68745717722097e-06,1.5988295346228143e-05,2.0995068009121987e-06,-2.8920961750444896e-07
5.6000000000000005,0.00672201665734512,-0.0035151363755858284,0.00016338921169556375,-0.00044624876070901986,-0.00012435063692622927,-0.0003863435750872529,-7.524602691488802e-06,-0.00011317929022611195,-5.80594093861353e-05,4.040926356829733e-05,-1.570194459110663e-05,1.851212609364772e-05,7.214110026021459e-08,1.8521980761770918e-06
5.65,0.00891463790677649,-0.00464474809266479,5.8596696419499494e-05,4.7956524064127204e-05,-0.00028650468442320554,-0.00010730645104876924,9.279325111932746e-05,-0.00019994747568667648,-2.971659452866149e-05,2.895182608153579e-06,-1.7373587445079774e-05,1.6169096253987325e-05,-1.8978549479742313e-06,3.370414924805387e-06
5.7,0.011855123406505574,-0.006653615988018058,0.0002771542518230641,0.00011619188490523402,-0.0005825290409698924,0.0002857089023834969,0.0001372057186700415,-0.00021417216741133338,6.5673248696440645e-06,-3.611906609495008e-05,-1.4305168131778512e-05,9.61382031305913e-06,-3.4087386472925196e-06,4.124506526051452e-06
5.75,0.015176761140573869,-0.009114521099286801,0.0009569657686873678,-0.0003637836501407532,-0.0009053171004719252,0.0006644033073405151,0.00010519406464631897,-0.0001438894622756634,4.0355964777527564e-05,-6.602224549147329e-05,-6.861397921942292e-06,-2.3729466629152096e-07,-4.138628579564152e-06,4.001722629834448e-06
5.800000000000001,0.018331113398925514,-0.011415441521390374,0.0020861831322565028,-0.0013411302743046652,-0.00112714121839802,0.0008896630609836823,-1.832185567984812e-06,-1.2501733076611399e-06,5.974911476597233e-05,-7.541304682699007e-05,3.463677938797538e-06,-1.1453500374764003e-05,-3.7285014718446696e-06,2.7194762157942143e-06
5.8500000000000005,0.020758965936210128,-0.012953203028879166,0.0034934537240570718,-0.002589718157181134,-0.0011403306593469886,0.0008576017397347244,-0.00015531145726005446,0.00017270753469714878,5.509703750145034e-05,-5.660510079825293e-05,1.3610361799032411e-05,-2.041407004379353e-05,-1.956795769308961e-06,1.6643543866712296e-07
5.9,0.022073376342343742,-0.013338128172490693,0.004894435152961174,-0.0037720049545748105,-0.0008996525725397664,0.0005457799514284947,-0.00030503670520937165,0.0003175561590680956,2.4221738676999394e-05,-1.1779466762625035e-05,1.954801369269399e-05,-2.28612479639817e-05,8.786986405162622e-07,-3.066663194335739e-06
5.95,0.022186361916572,-0.012527409375373888,0.005984622270361617,-0.0045544445213160645,-0.00044510570389239,3.102670392069601e-05,-0.0003968832518254639,0.00037739155340448666,-2.4657817948414706e-05,4.506800324193677e-05,1.811042711019617e-05,-1.644432300000609e-05,3.816092118469339e-06,-5.675457684949092e-06
6.0,0.021330864538465888,-0.010831906743754602,0.00654237078073816,-0.004724985891572886,0.00010914001319256572,-0.0005361798530447992,-0.0003946060248026795,0.000325627533761412,-7.529617595758431e-05,9.344404933193245e-05,8.887216911335205e-06,-2.6414012054415403e-06,5.6019346186264585e-06,-6.338340916359209e-06
6.050000000000001,0.019975040017421536,-0.008801645910698208,0.0065002634899194445,-0.004261121902685329,0.0006148598973780839,-0.0009875654109920279,-0.0002939353025877556,0.00017549224128938362,-0.00011006742511610046,0.00011561672733391426,-5.312500374138329e-06,1.3704483261801903e-05,5.362652212959063e-06,-4.5599475103422216e-06
6.1000000000000005,0.018667152288353833,-0.007044130927088988,0.005961279279939363,-0.003328008395639497,0.0009396105563206636,-0.0011941509846160082,-0.00012296718710649857,-2.7380525373189857e-05,-0.00011684225055319519,0.00010361656073086187,-1.9720817614810038e-05,2.6784909997620843e-05,3.0591541163860203e-06,-9.418092332923178e-07
6.15,0.017865748750433785,-0.00604036853851371,0.005161535761679575,-0.0022198488734449483,0.0010070896288166542,-0.0011031881482060704,6.858379581592411e-05,-0.00022232479125718768,-9.278026954032126e-05,6.087689754879014e-05,-2.957556404356576e-05,3.222783278443095e-05,-5.590824890266965e-07,3.232903249997948e-06
6.2,0.017804120563559372,-0.0060075111687593365,0.004396749829598839,-0.0012704583475295697,0.0008180778564303992,-0.0007499194391920733,0.00022512894728141108,-0.00035195863355333076,-4.4551437444750874e-05,-4.649321635671888e-08,-3.16731361506839e-05,2.826308010159262e-05,-4.327869046832911e-06,6.600024119729486e-06
6.25,0.018424100868939808,-0.0068393540421680995,0.00393393876085274,-0.000756223136310654,0.0004494148161646727,-0.00024666164221250064,0.0003013842935581379,-0.00037788363060293,1.3903439504997506e-05,-6.126749605353185e-05,-2.518058819944713e-05,1.5897132276346954e-05,-7.067429526247393e-06,8.105587779916323e-06
6.300000000000001,0.01939746889525676,-0.008141348580623292,0.003931417603738913,-0.0008137954157775677,3.148546428813348e-05,0.00024899916916641673,0.000275919522921525,-0.00029236089102125523,6.533310192582964e-05,-0.00010435320526785974,-1.1855430867374617e-05,-1.3354371623773564e-06,-7.898892814189873e-06,7.222117423131419e-06
6.3500000000000005,0.02023043863396115,-0.00935473155782619,0.004390760077211564,-0.0013975281221729995,-0.00029130485454761934,0.0005820271421205381,0.00015831729418275264,-0.00012210188696729248,9.438905830119748e-05,-0.00011605730746652373,4.366369204505949e-06,-1.819454808606527e-05,-6.5093137207039575e-06,4.138264314898846e-06
6.4,0.020419713239579224,-0.009933207605799245,0.005157757878684416,-0.0022947969021848685,-0.00040555212729251333,0.0006493250676239976,-1.3591857521172424e-05,7.981221134606246e-05,9.266542131336486e-05,-9.31210081186358e-05,1.857542760957953e-05,-2.943060906855123e-05,-3.3056048078794475e-06,-1.8534083089973008e-07
6.45,0.01960939219240221,-0.009513032788692108,0.0059728214581337424,-0.003195746213133366,-0.0002635516549448491,0.00043130744471964536,-0.00018613166341233112,0.0002519039927830896,6.135355448064206e-05,-4.328375056188074e-05,2.6583387552348015e-05,-3.177347180161223e-05,7.051183250617044e-07,-4.3443409887310505e-06
6.5,0.01769842782592107,-0.008020469893399206,0.006552721482078638,-0.003791054962790641,0.00010404656114954003,-5.614766160848012e-06,-0.0003066357796286112,0.00034376357391894706,1.0323684434487834e-05,1.8176891903641176e-05,2.627079673581112e-05,-2.496545047708798e-05,4.318492730331913e-06,-7.102575722786868e-06
6.550000000000001,0.014867672836553658,-0.005687142358820067,0.006676312051986877,-0.003863878165372463,0.0005994016146614323,-0.0005321870496163884,-0.0003383417244003373,0.0003291450657091903,-4.5367016445779784e-05,7.380234207761996e-05,1.7950340230887818e-05,-1.1285037497438624e-05,6.57002497553294e-06,-7.839933819068882e-06
6.6000000000000005,0.011522142041332367,-0.002974902930554849,0.0062496449843338076,-0.003351249886278853,0.0010864182130785327,-0.0009935909200729522,-0.00026987023889790684,0.00021111817895072028,-8.953789089463648e-05,0.00010817281734462874,3.9222458843024555e-06,5.6428100682903715e-06,6.933312346468767e-06,-6.531216116998154e-06
6.65,0.00816742619592753,-0.00043443517487760236,0.005334197135594937,-0.0023627008015239103,0.0014294665361661019,-0.0012515349963853426,-0.00011883652732128103,2.176141632428963e-05,-0.00010856931719796514,0.00011061004166740881,-1.2125168348753323e-05,2.1610627166711825e-05,5.284107858438691e-06,-3.4615951545226287e-06
6.7,0.005256263336772454,0.0014636154195153388,0.0041301171088002075,-0.0011510535989324045,0.0015339533950098905,-0.0012250723898588004,7.094533131410397e-05,-0.00018326229251324627,-9.500918635360622e-05,7.794337545761511e-05,-2.563813973466278e-05,3.211791371081352e-05,1.8800743034619316e-06,8.48206597197157e-07
6.75,0.0030515550052935825,0.0024755697192928097,0.0029158675278627977,-3.767087602048712e-05,0.001378488860611926,-0.000920654580293008,0.000240330164757524,-0.0003381394150080187,-5.089659084023257e-05,1.7453048268218155e-05,-3.2079796147527206e-05,3.317051637146719e-05,-2.52066021586006e-06,5.428086283464778e-06
6.800000000000001,0.0015509471548337678,0.00266005673659986,0.0019593058363024524,0.0006906468306095009,0.0010261317240155693,-0.0004372462173638427,0.00033340393687049386,-0.00038843533986397845,1.1044113852887172e-05,-5.275277284129409e-05,-2.8486472514077654e-05,2.304920368551358e-05,-6.614987335021305e-06,8.797522226834317e-06
6.8500000000000005,0.000500161970282284,0.0023518593805693672,0.0014289941582445453,0.0008788182938028778,0.0006064218899565349,6.25370181087468e-05,0.00031806252535949986,-0.00031307258137356145,7.044411843860898e-05,-0.00010865973847310958,-1.51142815869032e-05,3.9977469252581305e-06,-8.880265611355131e-06,9.459000142229834e-06
6.9,-0.0005092317514716477,0.0020421163018579528,0.0013382971827353707,0.0005565589406548877,0.0002719138342072297,0.0004080256574313136,0.00019935752136508722,-0.00013502755136034737,0.00010639447139375313,-0.00012952682413238346,4.018435274991128e-06,-1.7822255013318425e-05,-8.239557477224269e-06,6.742522326538478e-06
6.95,-0.0018930469658202942,0.0022093238054377365,0.001543061199010598,-7.36201884617687e-05,0.0001454368792212779,0.0004803549818222213,1.8818662588543367e-05,8.587099149016605e-05,0.00010552791564504005,-0.0001065665833376965,2.238011706463816e-05,-3.460396974695745e-05,-4.662521680867671e-06,1.3478707192350614e-06
7.0,-0.003929878631768816,0.003161290822890699,0.0017922250420098068,-0.0007065423699724373,0.000278374234609885,0.00025236221331006656,-0.000159960523047592,0.00027446364099225143,6.717584073025196e-05,-4.647593815307327e-05,3.342762448425851e-05,-4.012614516164803e-05,7.222505397086465e-07,-4.870409017877428e-06
7.050000000000001,-0.006665042650329231,0.0049380141919887766,0.0018117048166654687,-0.0010345885907895721,0.0006340763125180504,-0.00020420478086879534,-0.00027299238279786253,0.00036594907497818855,3.5448250959302374e-06,3.131058106633274e-05,3.3067571988967814e-05,-3.212304311462147e-05,6.067962379882608e-06,-9.702249155337309e-06
7.1000000000000005,-0.009890178537072025,0.0073006470069660444,0.001393280067924968,-0.0008445356326665602,0.0010998714197597709,-0.000742798908087189,-0.00027672386994329057,0.0003263742798701305,-6.454014804076202e-05,0.00010145619038093735,2.104766571818517e-05,-1.291007483370573e-05,9.512583512977235e-06,-1.1430046571706334e-05
7.15,-0.01320158215873568,0.00980519228135026,0.00046167719770429105,-8.341619972076792e-05,0.001522248298437917,-0.0011877070247583435,-0.00016184727384571662,0.00016287224789123672,-0.0001143818108621103,0.00014076702449221812,9.765234408182222e-07,1.1522593387279338e-05,9.818054263630027e-06,-9.378363360837937e-06
7.2,-0.016117972266129293,0.011937304007475554,-0.000899369546410525,0.001124254244706649,0.001754315693445599,-0.001387994171482246,4.3436440353178396e-05,-7.824201419446512e-05,-0.0001285709719044542,0.00013537642389038589,-2.0829614775300098e-05,3.338397626808775e-05,6.7635260566911715e-06,-4.0954755094200004e-06
7.25,-0.018221482862962296,0.01326765769809957,-0.0024697923888264695,0.002513224963305983,0.0017015520502277615,-0.0012645478581539303,0.00028170104750298297,-0.00032534007397845566,-0.00010059476116008881,8.53249828297667e-05,-3.732511399627547e-05,4.550810300403205e-05,1.229288719817312e-06,2.791934818936921e-06
7.300000000000001,-0.019278428550052823,0.013580151175678828,-0.003957957627292577,0.0037579647734099562,0.0013516037776367534,-0.0008352133900847761,0.0004839435613253895,-0.0005038540324522345,-3.7067225047190955e-05,4.803612471873404e-06,-4.30196830922408e-05,4.375533953399416e-05,-5.064790565653676e-06,9.071801964592209e-06
7.3500000000000005,-0.01930250159619372,0.012932743006988347,-0.005087251069896076,0.004571494836959647,0.0007783990088672532,-0.00020910640316802232,0.0005909399828248341,-0.0005597126704804155,4.435522454176999e-05,-8.249107601260427e-05,-3.577934647658321e-05,2.84360559218229e-05,-1.0137640390928127e-05,1.2726900029001644e-05
7.4,-0.018541784216579066,0.011633080439844526,-0.00567705725400891,0.004790645110814407,0.00011963991552410569,0.0004474827951776528,0.0005710982775188889,-0.00047542694853799135,0.00012058263614780906,-0.00015108845999612167,-1.742120744199771e-05,4.037868946251029e-06,-1.2423614738937827e-05,1.2655727691576572e-05
7.45,-0.017395456465998105,0.010139011068573575,-0.0056934647283816975,0.004421819447384359,-0.0004643019655797831,0.0009610738925893998,0.000429391269303081,-0.0002741297776318666,0.000170003885881842,-0.00018130289738218196,7.031158861248166e-06,-2.249815070415155e-05,-1.1237123217350264e-05,8.950302214507516e-06
7.5,-0.016287274633770166,0.008916503646960049,-0.005255647584591294,0.003635777213649608,-0.0008372086867177164,0.001201127102904414,0.00020568509118593092,-1.2225625449788571e-05,0.0001784399738876119,-0.00016419625578252377,3.090703461397504e-05,-4.390048993127907e-05,-6.863760545483544e-06,2.6601832038685574e-06
7.550000000000001,-0.015534660306687043,0.00829798657466712,-0.004597139050486088,0.0027148772207724395,-0.0009266099115430027,0.0011174321253141425,-3.624061545592916e-05,0.00023591928699675038,0.00014293402411411082,-0.00010356405151708964,4.76021185084885e-05,-5.4240508973613794e-05,-3.850808519278992e-07,-4.630693636587663e-06
7.6000000000000005,-0.015252808372647725,0.00838295694064264,-0.003993257669439809,0.0019676522324313175,-0.0007456512551631544,0.0007559501751988953,-0.00022637937766284422,0.0003980223543472196,7.299523137960229e-05,-1.5487088527287723e-05,5.215706198360981e-05,-5.013524751635787e-05,6.563683682014876e-06,-1.1098871757032197e-05
7.65,-0.015323096106684225,0.009011149169984307,-0.0036753534059482673,0.0016340187865469397,-0.0003902980194148975,0.0002476339262998603,-0.0003092370240581621,0.00042532377107040373,-1.1147271599482034e-05,7.478973207622128e-05,4.268610585417276e-05,-3.181980645210539e-05,1.2068015414340438e-05,-1.4904068105853902e-05
7.7,-0.015436004418879906,0.009817949408340562,-0.0037578305002742562,0.0018095011000483913,-1.0560146865956632e-05,-0.00022994135878126945,-0.00026212310298842634,0.000309814829082284,-8.37401761922818e-05,0.00013935857094327445,2.139283832347516e-05,-3.848290628084838e-06,1.4362863307526563e-05,-1.4604148139710227e-05
7.75,-0.015194995249596471,0.010355311258274567,-0.004202055955436046,0.0024144530578734495,0.0002372528879934499,-0.0005089904408364931,-0.00010427469896071018,8.987791793483094e-05,-0.00012149305457800907,0.00015672520602241086,-5.49277017636296e-06,2.548284005894283e-05,1.2449209226911284e-05,-9.810167974331346e-06
7.800000000000001,-0.014247141179486916,0.010238346045824579,-0.004830277059604371,0.0032208730432088245,0.00024204161948368497,-0.00048742419019368044,0.00010800535985294735,-0.0001603675461865975,-0.00011183373842449384,0.00012016735742003543,-2.9361823550344557e-05,4.653642389847862e-05,6.6457973294242745e-06,-1.678587614524496e-06
7.8500000000000005,-0.012397256871147122,0.009268365134222696,-0.005385335332720453,0.003928551053375751,-2.501473123939224e-05,-0.00016340219830845298,0.0002996486480450755,-0.00035558879798029686,-5.793454220706651e-05,4.1215299264804606e-05,-4.2134448721947715e-05,5.186542820453249e-05,-1.3086391347783e-06,7.244562159058887e-06
7.9,-0.009668854246242364,0.007492563727184126,-0.005615638937358947,0.004263888312338086,-0.0005011260913490301,0.0003644146290131406,0.0004021148964056531,-0.0004283702122941657,2.189518873138563e-05,-5.3813819270977226e-05,-3.925491858702834e-05,3.920892962988587e-05,-8.775947827860398e-06,1.390002892243114e-05
7.95,-0.006294302445327582,0.00518372107351333,-0.005356718208162942,0.004067709715350344,-0.001053090842825205,0.0009301820413870898,0.00037639535452813067,-0.000351848285748968,0.00010031585747549698,-0.00013282259897202942,-2.1449651270766257e-05,1.2494377492261455e-05,-1.3165152865285412e-05,1.5892735395130198e-05
8.0,-0.0026401135254941754,0.002750072354894814,-0.00458322797445726,0.003344311318794764,-0.0015210673458176116,0.001355187960029619,0.00022583251884303324,-0.00014825664433632674,0.00015015885028299425,-0.00016878713488381603,5.44857531811771e-06,-1.949102444393641e-05,-1.2882535011693452e-05,1.2400761943483218e-05
8.05,0.000906966213534588,0.0006061175525808871,-0.003415999651788987,0.002258121762619983,-0.0017701783901880597,0.0015050484651310952,-5.038954760755443e-06,0.00011853743029759112,0.00015343242331813944,-0.00014863002143537807,3.244634577589944e-05,-4.606900762358507e-05,-7.906678961527858e-06,4.472211429268347e-06
8.1,0.004056615947359565,-0.0009548080768033568,-0.0020831298542970944,0.0010806524766079975,-0.0017336208542738374,0.0013321916120402552,-0.00024484028385149403,0.00036354755272743206,0.00010725067040529002,-7.74867382680941e-05,5.036294304455735e-05,-5.81910017530482e-05,1.9103165829759128e-07,-5.326195751567675e-06
8.15,0.006698242112126135,-0.0018473029040625144,-0.0008479457056072004,0.00010481109893194229,-0.0014340032132968417,0.0008908796459502349,-0.0004182129179188254,0.0005077901435091917,2.488000381148381e-05,2.2837760572387567e-05,5.2860294061957136e-05,-5.1430874961025386e-05,8.757929436858936e-06,-1.3746976777730124e-05
8.200000000000001,0.008925785227299116,-0.0022140161960047394,7.338066104295438e-05,-0.00044665746523082916,-0.0009763619990785233,0.00032013698286907644,-0.00046994403299380205,0.0005035246880232061,-6.844011034615183e-05,0.00012082962852488777,3.8551597115965563e-05,-2.749330417940732e-05,1.4940070072494427e-05,-1.795198431157191e-05
8.25,0.010997408308643153,-0.00237405557884552,0.0005787342141180263,-0.0004899538419343985,-0.0005152068407298094,-0.00019995735650460422,-0.00038261923477403426,0.00034940832005955075,-0.0001435418915548825,0.00018540922229454831,1.1465989232156693e-05,6.343297832125949e-06,1.6639085103631324e-05,-1.648658247778434e-05
8.3,0.013243847937248976,-0.0027170726983302487,0.0007108113217788037,-0.00010505887878309306,-0.00020627471825712673,-0.000504345700539692,-0.0001822390537908336,9.073732550370778e-05,-0.00017651468621479594,0.00019572903250999335,-2.0282169678864648e-05,3.967876895024508e-05,1.3193645120090913e-05,-9.746387305616111e-06
8.35,0.01595488083885463,-0.0035770353737878888,0.0006427765374288907,0.0004901467372434506,-0.00015822795087405694,-0.0004936169625977954,6.9580881748188e-05,-0.00019462916560918087,-0.000156016367322237,0.0001473394120680635,-4.707477155385664e-05,6.233548495884061e-05,5.542077228554154e-06,2.44750981648334e-07
8.4,0.019279364738108734,-0.005124818839277907,0.0006239216977891038,0.0010073959806278995,-0.0003988589456007663,-0.00016421349648435002,0.0002939434170002031,-0.0004195136886669254,-8.66411842420367e-05,5.3195949348702753e-05,-6.065900965421256e-05,6.731225052333811e-05,-4.134216356643794e-06,1.0574978671934465e-05
8.450000000000001,0.023169392114692766,-0.007311998667730822,0.0009021694845766925,0.0011763120091357326,-0.0008654687386786541,0.00038975515320017334,0.0004179894620739699,-0.0005128788889984526,1.2257457456421594e-05,-6.0075389465147344e-05,-5.6459369663253156e-05,5.256665123263421e-05,-1.3066212127266219e-05,1.8294692632030152e-05
8.5,0.027385291418999425,-0.009882299127230626,0.0016466886942971826,0.0008273640376287583,-0.001422155169541528,0.0010032412183273928,0.0003968343560788179,-0.00044099310205207576,0.0001117599202502817,-0.0001593170622362916,-3.4894169912008666e-05,2.153220656346544e-05,-1.8613768163200373e-05,2.1107236901372894e-05
8.55,0.03155968960743115,-0.01244697998789629,0.0028939009821830064,-5.5062398841815297e-05,-0.001899512879720261,0.001488625184866102,0.00022810822139709974,-0.00021888378284106585,0.00018142073161431238,-0.00021394274140078967,-1.5078696101455957e-06,-1.7513899991973558e-05,-1.893316877735196e-05,1.7891456301731556e-05
8.6,0.03530071207035941,-0.01460090774084264,0.004533740177178641,-0.0013261970586238847,-0.002145709460700501,0.001692624478929608,-4.560997109859244e-05,9.19574779137261e-05,0.00019838019893930747,-0.0002052209509688374,3.422641527373038e-05,-5.3294806840215037e-05,-1.3544732786335834e-05,9.107616156481257e-06
8.65,0.03830199473709896,-0.01604297088488387,0.006341184386165377,-0.002724313601920672,-0.0020735564860763223,0.0015446104142350509,-0.0003483426929447586,0.00040065677494404567,0.00015500997635334302,-0.00013309391130428977,6.143206834488546e-05,-7.459465733414272e-05,-3.6613115741712665e-06,-3.0501138107846826e-06
8.700000000000001,0.04042485761477374,-0.01666251328090494,0.008043707181489695,-0.003951304313287975,-0.0016881892482661365,0.0010799861082739712,-0.0005937105466310016,0.0006148917979265089,6.229193763457319e-05,-1.7608140062776168e-05,7.120107227290284e-05,-7.392806360720372e-05,7.951159371494265e-06,-1.5037440252531342e-05
8.75,0.04172712777833751,-0.016564571467192285,0.009403191789226911,-0.004764593127410781,-0.0010855563968522608,0.0004295842708200784,-0.0007123086925967803,0.0006707888030321948,-5.285667847139408e-05,0.00010653573995651755,5.972969359366309e-05,-5.0477467158943634e-05,1.771041212485225e-05,-2.2986010926491496e-05
8.8,0.04243077379157986,-0.016027147626860264,0.010285836973015869,-0.005050310270051754,-0.0004217153027258336,-0.00022211300165915493,-0.0006741353035227271,0.0005541344192972267,-0.00015589184800939015,0.00020099013584064934,2.9938022693756783e-05,-1.0892892792838116e-05,2.238785408126276e-05,-2.4067735975838445e-05
8.85,0.04284041906264923,-0.015406162053832462,0.010697807570188081,-0.004854272540394503,0.00013693764643134265,-0.0006959220665466309,-0.000498217707025489,0.00030517848985672086,-0.000215841431000674,0.00023645459092135057,-9.214871971655048e-06,3.26223464537749e-05,2.027417602389059e-05,-1.7614151219518676e-05
8.9,0.043240004393723865,-0.01501982910275653,0.010776080887265144,-0.004361913078729102,0.00046602503263930284,-0.0008743905607284316,-0.00024616630451025634,5.438721353973053e-06,-0.00021546725389998134,0.0002024478189317537,-4.5566716062941937e-05,6.629549734826073e-05,1.1855473317445853e-05,-5.475355290461559e-06
8.950000000000001,0.043800680297254924,-0.01504933972354987,0.010738585796998934,-0.0038349912942475996,0.0005212462834392889,-0.0007376015755445921,-1.9729707129712004e-06,-0.00024877998633720047,-0.0001569016727962641,0.00011080344224115996,-6.773876252774702e-05,7.936811487375267e-05,-2.7904711324966414e-07,8.536319923903302e-06
9.0,0.044528230906341185,-0.015486043448756145,0.01081038132424654,-0.0035260950284709963,0.00035032723627638485,-0.0003674975170224609,0.00015518764268777213,-0.00037733765555113957,-6.0924064166335834e-05,-8.162317014500514e-06,-6.88932208051038e-05,6.768969420446226e-05,-1.2266544186331774e-05,1.9901339746157543e-05
9.05,0.04526511492539159,-0.016139997211803356,0.011149584592582105,-0.0035980997693506158,7.556808872453968e-05,8.002319741019781e-05,0.0001763340278797959,-0.0003417432305178325,3.982408504873969e-05,-0.0001154781218238067,-4.899862545967859e-05,3.51314653268299e-05,-2.0247054966046618e-05,2.4906269855018426e-05
9.1,0.045744874997999466,-0.016705415953798194,0.011796243584410657,-0.0040735469535200285,-0.00014702262959258305,0.0004259625473182352,5.814548651437296e-05,-0.00015711255854426297,0.00011143039343691069,-0.0001761137347166637,-1.484937844480061e-05,-7.657032021592299e-06,-2.165003196085563e-05,2.190175717181695e-05
9.15,0.045680523766035,-0.01686120827482494,0.012659718751041368,-0.004829136702154573,-0.00017875513484221298,0.0005256752663599239,-0.0001562941490558488,0.000113082779111547,0.00012962984953478543,-0.00017020424122869736,2.2159906122361933e-05,-4.674246909241965e-05,-1.6046437018822635e-05,1.1859786476727408e-05
9.200000000000001,0.0448584474923049,-0.016374417206024817,0.013547819493363056,-0.005636183282697019,5.676940435250799e-05,0.0003147368354461987,-0.00039147436997825566,0.0003774891698291907,8.750714708005182e-05,-9.922880315918437e-05,4.972792031500764e-05,-6.94330130549454e-05,-5.269933154482959e-06,-1.979937166514574e-06
9.25,0.04320838355953943,-0.01517439076105584,0.014227881278290194,-0.006233544163635193,0.0005486870449149953,-0.00017082421680412845,-0.0005634601119638028,0.0005456921334748661,-2.380691842489291e-06,1.4677745185074503e-05,5.8541127170538484e-05,-6.825436201265706e-05,7.209843440308256e-06,-1.5216439014397072e-05
9.3,0.04082814616196181,-0.013375329077018784,0.014500341144610154,-0.006409928135950732,0.0012012874773108225,-0.0008055371510339408,-0.0006063187806019561,0.0005562887593154077,-0.00011189631332961421,0.0001356812368849096,4.512353545326614e-05,-4.31199174662656e-05,1.7397769424476114e-05,-2.369136873102938e-05
9.35,0.03795619071726761,-0.011241265155646538,0.014261971252329676,-0.006070297988273115,0.0018627528097298028,-0.0014128041663590777,-0.0004930163197361566,0.0003959796080946331,-0.00020583729194127015,0.0002250424545276724,1.2873399702295618e-05,-1.2359710172757388e-06,2.197142999069146e-05,-2.4690829358806413e-05
9.4,0.034901253380907465,-0.00910512466344391,0.013539404910819706,-0.0052663646457684656,0.002371432608959452,-0.0018188831566467167,-0.000244695750850385,0.00010443868724626867,-0.0002525492135972661,0.0002526275499607038,-2.88677041899027e-05,4.497440355515081e-05,1.9229679524102733e-05,-1.765285040510392e-05
9.450000000000001,0.03195138444372354,-0.007267399611996635,0.012482656862547271,-0.004181964186967726,0.0026057979097124373,-0.0019066373811300642,7.449571430755142e-05,-0.00023647152505919256,-0.00023372110142626246,0.00020616192243921513,-6.740568277395498e-05,8.129827891234856e-05,9.60179370531472e-06,-4.325711420859191e-06
9.5,0.029290886135949504,-0.005906023783438189,0.011320434339477693,-0.0030775219774653133,0.0025229059639985812,-0.0016529339042871405,0.000375950088298993,-0.0005265896029292352,-0.00015060469838411306,9.573280207097329e-05,-9.033842208298892e-05,9.577679401931785e-05,-4.370692681165966e-06,1.1595708531673965e-05
9.55,0.02695107083359853,-0.0050255913462173285,0.01029083700231756,-0.002210373174671605,0.0021731574816765895,-0.0011376846963411062,0.0005734828106040007,-0.0006780574356385106,-2.4589278767278566e-05,-4.8137617690874324e-05,-8.937820159924531e-05,8.246076620443965e-05,-1.8623374784303148e-05,2.5352066016118974e-05
9.600000000000001,0.024809994425002674,-0.004461606203458542,0.009568999061883451,-0.0017557055035258284,0.001686023807551465,-0.0005206707469320448,0.0006105147905076658,-0.0006434454679639032,0.00010854514120518799,-0.0001829924877250269,-6.324414041594673e-05,4.374765204540748e-05,-2.868386334566042e-05,3.245150713742512e-05
9.65,0.022640676999218748,-0.003937893598512605,0.009214514424102593,-0.0017532308368282748,0.0012305778251743837,7.419328717520046e-06,0.000478738440274018,-0.0004320197097423886,0.00020937562001281662,-0.0002674391902950102,-1.8552480289354967e-05,-9.738778308863993e-06,-3.107014974172706e-05,3.0147701278127048e-05
9.700000000000001,0.020191874076945684,-0.0031582021811113054,0.009155294821887441,-0.0020966400746089617,0.0009630831503640302,0.0002843969479287209,0.00022175360607494532,-0.00010809922644787473,0.0002473331462762851,-0.00027457600858233483,3.185160622895533e-05,-6.206807346056942e-05,-2.4528582528882126e-05,1.853870626013221e-05
9.75,0.017275382776832285,-0.0019024507306672073,0.009212737751631325,-0.002568940808189757,0.0009784182590133472,0.00022719884001265456,-7.79631631900729e-05,0.00022854161204843848,0.00021077790131675267,-0.00020118084799656405,7.277678752735939e-05,-9.697185452534757e-05,-1.0625066584155074e-05,7.813341100157412e-07
9.8,0.013832383328742384,-9.725736780090422e-05,0.00915976546109111,-0.0029118810979078813,0.0012809397268172262,-0.00014266697007324358,-0.0003247241954571628,0.00047398373249867704,0.00011113034059428983,-6.929963815776458e-05,9.155599173348017e-05,-0.00010320262648120387,6.605812650051224e-06,-1.777675567209147e-05
9.850000000000001,0.009958637609942034,0.002160556707234737,0.00879297919397018,-0.0029069854608429757,0.0017839568586443116,-0.0007068193425811692,-0.00043961325398451934,0.0005529199835869053,-2.0456677052096972e-05,8.045829933171073e-05,8.22400133813489e-05,-7.838168065616574e-05,2.1892166400472313e-05,-3.129564230324594e-05
9.9,0.005881785601922346,0.0046334857465400725,0.007996114496296766,-0.0024425989344828355,0.0023376601276019343,-0.0012879767764463756,-0.0003850735055917903,0.00044220388290729107,-0.00014285155252662107,0.00020174109356361353,4.765844960315235e-05,-2.9968269943426995e-05,3.042946484653475e-05,-3.538252054766794e-05
9.950000000000001,0.0018997011031844646,0.007014271930603014,0.006775628181782775,-0.0015469079963570803,0.0027761322342133993,-0.0017055270953566445,-0.00017645729715255742,0.00017797947049598417,-0.00021790893456390126,0.00025713119855558936,-1.3265683102559045e-06,2.694371658114314e-05,2.9479135285545577e-05,-2.8598336344769215e-05
10.0,-0.0016923002140029064,0.009004444561618419,0.005264105747573619,-0.0003861255721605006,0.0029675831562249316,-0.0018299822563833668,0.00011999269102515309,-0.00015146103011285522,-0.00022268437638357785,0.00023031600345926884,-4.852926909243438e-05,7.343477650589847e-05,1.9497389761952144e-05,-1.3278628215596111e-05
